Date,Type,Info,cell_info_data,State,OverrideNetworkType
1658590494.0,Driving,"{('LTE', '15640842', '45'): {'MeanLatency': 44.90909090909091, 'MeanThroughput': 2.8761424778761056}}",{'EARFCN': '700'},,GHz)
1662156136.0,Walking,"{('5G', '225546251', '78'): {'MeanLatency': 65.70909090909092, 'MeanThroughput': 27.70598620689656}}",{'EARFCN': '875'},MA,GHz)
1664573251.0,Walking,"{('5G', '21078793', '284'): {'MeanLatency': 85.24545454545454, 'MeanThroughput': 8.605839310344829}, ('LTE', '21078793', '284'): {'MeanLatency': nan, 'MeanThroughput': nan}}",{'EARFCN': '1000'},CA,5G(mmWave)
1662424913.0,Static,"{('5G', '16940042', '152'): {'MeanLatency': 47.3909090909091, 'MeanThroughput': 15.029559047619049}, ('LTE', '16940042', '152'): {'MeanLatency': nan, 'MeanThroughput': nan}}",{'EARFCN': '700'},MA,GHz)
1658081765.0,Walking,"{('5G', '14397708', '126'): {'MeanLatency': nan, 'MeanThroughput': nan}, ('LTE', '14397708', '126'): {'MeanLatency': 32.37272727272727, 'MeanThroughput': 20.622100952380958}}",{'EARFCN': '66536'},MA,GHz)
1658878015.0,Static,"{('LTE', '14351128', '218'): {'MeanLatency': 39.690909090909095, 'MeanThroughput': 2.052946853146854}}",{'EARFCN': '1025'},MA,LTE-CA
1658590453.0,Driving,"{('LTE', '15640842', '45'): {'MeanLatency': 95.14545454545454, 'MeanThroughput': 13.131866355140188}}",{'EARFCN': '700'},MA,GHz)
1689211824.0,Walking,"{('5G', '0', '285'): {'MeanLatency': nan, 'MeanThroughput': nan}, ('5G', '23200257', '30'): {'MeanLatency': 62.57272727272727, 'MeanThroughput': 8.356495312500003}}","{'ARFCN': '125570', 'EARFCN': '66786'}",CA,GHz)
1670650203.0,Static,"{('5G', '21417473', '74'): {'MeanLatency': 58.300000000000004, 'MeanThroughput': 34.95403947368421}, ('LTE', '21417473', '74'): {'MeanLatency': nan, 'MeanThroughput': nan}}",{'EARFCN': '66786'},CA,Unknown
1675112403.0,Static,"{('5G', '9223372036854775807', '247'): {'MeanLatency': 372.6818181818182, 'MeanThroughput': 1.599686440677966}}",{'ARFCN': '125900'},MA,GHz)
1657567708.0,Walking,"{('LTE', '14536216', '115'): {'MeanLatency': nan, 'MeanThroughput': 44.04000666666666}, ('5G', '14536216', '115'): {'MeanLatency': 20.61818181818182, 'MeanThroughput': 113.88905888888888}}",{'EARFCN': '1025'},MA,5G(mmWave)
1658086268.0,Walking,"{('LTE', '14397720', '127'): {'MeanLatency': nan, 'MeanThroughput': 4.893206666666667}, ('LTE', '14397718', '127'): {'MeanLatency': 31.736363636363635, 'MeanThroughput': 17.053149494949498}}",{'EARFCN': '66536'},MA,GHz)
1658591901.0,Driving,"{('5G', '9223372036854775807', '274'): {'MeanLatency': 44.40909090909091, 'MeanThroughput': 15.592811206896553}, ('LTE', '9223372036854775807', '274'): {'MeanLatency': nan, 'MeanThroughput': nan}}",{'ARFCN': '174800'},MA,GHz)
1667262516.0,Static,"{('5G', '21078793', '284'): {'MeanLatency': 85.69090909090909, 'MeanThroughput': 2.2210673611111105}, ('LTE', '21078793', '284'): {'MeanLatency': nan, 'MeanThroughput': nan}}",{'EARFCN': '1000'},CA,Unknown
1663915726.0,Static,"{('5G', '22524427', '56'): {'MeanLatency': 61.709090909090904, 'MeanThroughput': 11.978394890510948}, ('LTE', '22524427', '56'): {'MeanLatency': nan, 'MeanThroughput': nan}}",{'EARFCN': '875'},CA,GHz)
1667665523.0,Static,"{('5G', '9223372036854775807', '545'): {'MeanLatency': 22.50909090909091, 'MeanThroughput': 13.50023937007874}, ('LTE', '9223372036854775807', '545'): {'MeanLatency': nan, 'MeanThroughput': nan}}",{'ARFCN': '2073333'},MA,Unknown
1658091142.0,Static,"{('LTE', '14397708', '126'): {'MeanLatency': 32.32727272727272, 'MeanThroughput': 15.729020909090895}}",{'EARFCN': '66536'},MA,GHz)
1658710238.0,Driving,"{('LTE', '14771548', '36'): {'MeanLatency': 57.03333333333334, 'MeanThroughput': 4.22468057553957}, ('LTE', '14618626', '232'): {'MeanLatency': 59.1375, 'MeanThroughput': nan}}",{'EARFCN': '5230'},MA,LTE-CA
1658878130.0,Static,"{('LTE', '14351128', '218'): {'MeanLatency': 37.71818181818181, 'MeanThroughput': 4.337777697841726}}",{'EARFCN': '1025'},MA,LTE-CA
1669745628.0,Static,"{('5G', '9223372036854775807', '423'): {'MeanLatency': 85.255, 'MeanThroughput': 19.23916869565217}, ('LTE', '9223372036854775807', '423'): {'MeanLatency': nan, 'MeanThroughput': nan}}",{'ARFCN': '125900'},,GHz)
1668188848.0,Walking,"{('5G', '9223372036854775807', '533'): {'MeanLatency': 42.618181818181824, 'MeanThroughput': 56.79758787878787}}",{'ARFCN': '529998'},MA,Unknown
1684887978.0,Walking,"{('5G', '21112073', '155'): {'MeanLatency': 62.900000000000006, 'MeanThroughput': 8.643709909909909}, ('LTE', '21112073', '155'): {'MeanLatency': nan, 'MeanThroughput': nan}}",{'EARFCN': '1000'},CA,Unknown
1665878806.0,Driving,"{('LTE', '9223372036854775807', '467'): {'MeanLatency': nan, 'MeanThroughput': nan}, ('5G', '9223372036854775807', '467'): {'MeanLatency': nan, 'MeanThroughput': 4.620151485148516}, ('5G', '79503873', '306'): {'MeanLatency': 189.43636363636367, 'MeanThroughput': 0.8534651162790697}}","{'ARFCN': '528696', 'EARFCN': '66736'}",MA,GHz)
1667665620.0,Walking,"{('5G', '5389836591', '341'): {'MeanLatency': 48.645454545454534, 'MeanThroughput': 51.22567407407406}}",{'ARFCN': '529998'},MA,Unknown
1662158811.0,Walking,"{('5G', '9223372036854775807', '303'): {'MeanLatency': 48.718181818181826, 'MeanThroughput': 60.02390280373831}}",{'ARFCN': '529998'},MA,Unknown
1662408125.0,Static,"{('5G', '16940042', '152'): {'MeanLatency': 46.74545454545455, 'MeanThroughput': 11.983738392857145}, ('LTE', '16940042', '152'): {'MeanLatency': nan, 'MeanThroughput': nan}}",{'EARFCN': '700'},MA,GHz)
1671471703.0,Walking,"{('LTE', '9223372036854775807', '560'): {'MeanLatency': 130.8, 'MeanThroughput': 49.122233980582536}}",{'ARFCN': '529998'},MA,Unknown
1658710248.0,Driving,"{('LTE', '15616271', '249'): {'MeanLatency': 81.14545454545454, 'MeanThroughput': 1.4132191304347825}}",{'EARFCN': '5110'},MA,LTE-CA
1680798749.0,Walking,"{('5G', '7677436207', '29'): {'MeanLatency': nan, 'MeanThroughput': nan}, ('5G', '7677436207', '807'): {'MeanLatency': nan, 'MeanThroughput': nan}, ('5G', '7593025837', '807'): {'MeanLatency': nan, 'MeanThroughput': 20.118206976744183}, ('5G', '7614583087', '35'): {'MeanLatency': 51.92727272727273, 'MeanThroughput': 16.16513333333333}}",{'ARFCN': '501390'},CA,None
1662407926.0,Static,"{('LTE', '16940042', '152'): {'MeanLatency': 44.199999999999996, 'MeanThroughput': 1.5692265306122446}}",{'EARFCN': '700'},MA,GHz)
1658591918.0,Driving,"{('LTE', '14605592', '256'): {'MeanLatency': 38.327272727272735, 'MeanThroughput': 2.053165734265734}}",{'EARFCN': '1025'},MA,GHz)
1665702593.0,Walking,"{('5G', '21078793', '284'): {'MeanLatency': 151.4818181818182, 'MeanThroughput': 3.688380689655174}, ('LTE', '21078793', '284'): {'MeanLatency': nan, 'MeanThroughput': nan}}",{'EARFCN': '1000'},CA,GHz)
1658710099.0,Driving,"{('LTE', '14625795', '285'): {'MeanLatency': 49.25454545454545, 'MeanThroughput': 15.878840952380948}}",{'EARFCN': '5230'},MA,LTE-CA
1663911898.0,Static,"{('5G', '21095431', '200'): {'MeanLatency': 80.92727272727274, 'MeanThroughput': 65.806814953271}, ('LTE', '21095431', '200'): {'MeanLatency': nan, 'MeanThroughput': nan}}",{'EARFCN': '1000'},CA,Unknown
1658590779.0,Driving,"{('LTE', '10458114', '156'): {'MeanLatency': nan, 'MeanThroughput': 18.26193146067416}, ('LTE', '32207105', '299'): {'MeanLatency': 57.71818181818182, 'MeanThroughput': 45.1701}}",{'EARFCN': '66736'},MA,LTE-CA
1657842325.0,Static,"{('LTE', '14351128', '218'): {'MeanLatency': 36.73636363636364, 'MeanThroughput': 4.177287804878048}}",{'EARFCN': '1025'},MA,LTE-CA
1658163820.0,Walking,"{('5G', '14351128', '218'): {'MeanLatency': 64.0, 'MeanThroughput': 19.509251351351352}, ('LTE', '14351128', '218'): {'MeanLatency': nan, 'MeanThroughput': nan}}",{'EARFCN': '1025'},MA,5G(mmWave)
1675704419.0,Walking,"{('5G', '21078787', '284'): {'MeanLatency': 57.04545454545455, 'MeanThroughput': 20.104490225563907}, ('LTE', '21078787', '284'): {'MeanLatency': nan, 'MeanThroughput': nan}}",{'EARFCN': '66786'},CA,Unknown
1671471681.0,Walking,"{('LTE', '9223372036854775807', '566'): {'MeanLatency': nan, 'MeanThroughput': 48.54851200000003}, ('LTE', '9223372036854775807', '371'): {'MeanLatency': 42.590909090909086, 'MeanThroughput': 73.4834}}",{'ARFCN': '529998'},MA,Unknown
1658090320.0,Static,"{('LTE', '14397710', '126'): {'MeanLatency': nan, 'MeanThroughput': 5.243470588235294}, ('LTE', '14397708', '126'): {'MeanLatency': 39.63636363636363, 'MeanThroughput': 9.745044565217391}}",{'EARFCN': '66536'},MA,GHz)
1664921263.0,Walking,"{('LTE', '9223372036854775807', '560'): {'MeanLatency': nan, 'MeanThroughput': nan}, ('5G', '9223372036854775807', '560'): {'MeanLatency': 45.41818181818183, 'MeanThroughput': 10.57991452991453}}",{'ARFCN': '529998'},MA,Unknown
1667665656.0,Walking,"{('5G', '5389836591', '341'): {'MeanLatency': nan, 'MeanThroughput': 21.903735555555556}, ('5G', '5459484975', '533'): {'MeanLatency': 48.22727272727273, 'MeanThroughput': 41.76745689655172}}",{'ARFCN': '529998'},MA,Unknown
1671070677.0,Driving,"{('5G', '21148162', '321'): {'MeanLatency': nan, 'MeanThroughput': 6.883662500000001}, ('LTE', '21148162', '321'): {'MeanLatency': 68.60000000000001, 'MeanThroughput': 27.738168604651168}}",{'EARFCN': '66786'},CA,GHz)
1670532609.0,Walking,"{('LTE', '9223372036854775807', '364'): {'MeanLatency': 120.64545454545454, 'MeanThroughput': 0.2879879120879121}}",{'ARFCN': '529998'},MA,Unknown
1670532557.0,Static,"{('LTE', '122346253', '41'): {'MeanLatency': nan, 'MeanThroughput': nan}, ('LTE', '9223372036854775807', '364'): {'MeanLatency': 127.15454545454546, 'MeanThroughput': 0.7020850393700788}}","{'EARFCN': '875', 'ARFCN': '529998'}",MA,5G(mmWave)
1658579341.0,Static,"{('LTE', '16957193', '252'): {'MeanLatency': nan, 'MeanThroughput': 36.69950909090908}, ('LTE', '9223372036854775807', '682'): {'MeanLatency': 42.47272727272727, 'MeanThroughput': 64.29817419354838}}","{'EARFCN': '700', 'ARFCN': '174800'}",MA,GHz)
1658344113.0,Static,"{('5G', '16940042', '14'): {'MeanLatency': 61.42499999999999, 'MeanThroughput': 24.316168965517235}, ('LTE', '16940042', '14'): {'MeanLatency': nan, 'MeanThroughput': nan}}",{'EARFCN': '700'},MA,GHz)
1657567461.0,Walking,"{('LTE', '14374442', '41'): {'MeanLatency': 38.97272727272727, 'MeanThroughput': 51.349399019607844}}",{'EARFCN': '66536'},MA,GHz)
1657925063.0,Walking,"{('LTE', '14536214', '115'): {'MeanLatency': 16.766666666666666, 'MeanThroughput': 46.65210648148149}, ('5G', '14536214', '115'): {'MeanLatency': 24.449999999999996, 'MeanThroughput': nan}}",{'EARFCN': '66536'},MA,5G(mmWave)
1658710231.0,Driving,"{('LTE', '15630863', '325'): {'MeanLatency': nan, 'MeanThroughput': nan}, ('LTE', '15616271', '249'): {'MeanLatency': nan, 'MeanThroughput': 0.8738196078431371}, ('LTE', '15643153', '335'): {'MeanLatency': 63.37272727272728, 'MeanThroughput': 2.6209499999999997}}",{'EARFCN': '5110'},MA,LTE-CA
1657325158.0,Static,"{('LTE', '34497537', '384'): {'MeanLatency': 72.91818181818184, 'MeanThroughput': 0.11956849315068495}}",{'EARFCN': '66736'},MA,LTE-CA
1675718445.0,Walking,"{('5G', '7593025837', '807'): {'MeanLatency': 80.57272727272728, 'MeanThroughput': 9.049443150684933}}",{'ARFCN': '501390'},CA,Unknown
1657567217.0,Walking,"{('LTE', '14374442', '41'): {'MeanLatency': 31.60909090909091, 'MeanThroughput': 44.13238640776701}}",{'EARFCN': '66536'},MA,GHz)
1667751973.0,Walking,"{('5G', '5389836591', '341'): {'MeanLatency': 47.71818181818182, 'MeanThroughput': 38.591115315315314}}",{'ARFCN': '529998'},MA,Unknown
1665094461.0,Walking,"{('5G', '21078793', '284'): {'MeanLatency': 68.45454545454545, 'MeanThroughput': 1.7202874999999997}, ('LTE', '21078793', '284'): {'MeanLatency': nan, 'MeanThroughput': nan}}",{'EARFCN': '1000'},CA,5G(mmWave)
1658103251.0,Static,"{('LTE', '14397718', '127'): {'MeanLatency': 30.66363636363636, 'MeanThroughput': 9.521118400000004}}",{'EARFCN': '66536'},MA,GHz)
1657735180.0,Static,"{('LTE', '11614210', '224'): {'MeanLatency': 59.536363636363646, 'MeanThroughput': 6.834177600000004}}",{'EARFCN': '66736'},MA,LTE-CA
1657922154.0,Static,"{('5G', '16899080', '201'): {'MeanLatency': 39.6, 'MeanThroughput': 4.047118421052632}, ('LTE', '16899080', '201'): {'MeanLatency': nan, 'MeanThroughput': nan}}",{'EARFCN': '700'},MA,GHz)
1681857160.0,Walking,"{('5G', '21078793', '284'): {'MeanLatency': 75.77272727272727, 'MeanThroughput': 22.601921008403373}, ('LTE', '21078793', '284'): {'MeanLatency': nan, 'MeanThroughput': nan}}",{'EARFCN': '1000'},CA,Unknown
1657325666.0,Static,"{('LTE', '16940042', '194'): {'MeanLatency': 41.61818181818182, 'MeanThroughput': 9.507216949152543}}",{'EARFCN': '700'},MA,GHz)
1658109896.0,Walking,"{('LTE', '14397708', '126'): {'MeanLatency': 32.60909090909091, 'MeanThroughput': 49.39715784313726}}",{'EARFCN': '66536'},MA,GHz)
1657325893.0,Static,"{('LTE', '10429443', '54'): {'MeanLatency': 69.35454545454546, 'MeanThroughput': 0.10923125}}",{'EARFCN': '66736'},MA,LTE-CA
1658163627.0,Driving,"{('LTE', '14355458', '210'): {'MeanLatency': 30.700000000000003, 'MeanThroughput': 19.193166086956527}}",{'EARFCN': '5230'},MA,None
1657567237.0,Walking,"{('LTE', '14374442', '41'): {'MeanLatency': 31.999999999999996, 'MeanThroughput': 33.59511844660195}}",{'EARFCN': '66536'},MA,GHz)
1657926429.0,Walking,"{('5G', '14374442', '41'): {'MeanLatency': 18.299999999999997, 'MeanThroughput': 81.41322830188683}, ('LTE', '14374442', '41'): {'MeanLatency': nan, 'MeanThroughput': nan}}",{'EARFCN': '66536'},MA,5G(mmWave)
1658155722.0,Static,"{('LTE', '14397720', '127'): {'MeanLatency': 36.52727272727273, 'MeanThroughput': 6.68503583333333}}",{'EARFCN': '1025'},MA,LTE-CA
1658163741.0,Static,"{('5G', '14351116', '216'): {'MeanLatency': nan, 'MeanThroughput': 89.67853749999999}, ('LTE', '14351116', '216'): {'MeanLatency': nan, 'MeanThroughput': nan}, ('5G', '14536214', '115'): {'MeanLatency': 13.314000000000002, 'MeanThroughput': 152.0453425925926}}",{'EARFCN': '66536'},MA,5G(mmWave)
1658163779.0,Walking,"{('LTE', '14536216', '115'): {'MeanLatency': nan, 'MeanThroughput': 69.30323437499999}, ('5G', '14536216', '115'): {'MeanLatency': 17.545454545454543, 'MeanThroughput': 55.826898591549295}}",{'EARFCN': '1025'},MA,5G(mmWave)
1658087912.0,Static,"{('LTE', '14397720', '127'): {'MeanLatency': nan, 'MeanThroughput': 3.7450714285714284}, ('LTE', '14397708', '126'): {'MeanLatency': nan, 'MeanThroughput': 6.914484057971016}, ('LTE', '14397718', '127'): {'MeanLatency': 34.94545454545454, 'MeanThroughput': 10.610769047619046}}",{'EARFCN': '66536'},MA,GHz)
1657926452.0,Walking,"{('5G', '14374442', '41'): {'MeanLatency': 12.463636363636363, 'MeanThroughput': 39.43948141592921}, ('LTE', '14374442', '41'): {'MeanLatency': nan, 'MeanThroughput': nan}}",{'EARFCN': '66536'},MA,5G(mmWave)
1658590603.0,Driving,"{('LTE', '14599958', '312'): {'MeanLatency': 165.86666666666667, 'MeanThroughput': 3.978637588652482}, ('LTE', '14599938', '312'): {'MeanLatency': 350.4, 'MeanThroughput': nan}}",{'EARFCN': '5230'},MA,LTE-CA
1667665719.0,Walking,"{('5G', '5459484975', '533'): {'MeanLatency': 47.22727272727272, 'MeanThroughput': 44.915642477876105}}",{'ARFCN': '529998'},MA,Unknown
1658168034.0,Static,"{('5G', '11037196', '208'): {'MeanLatency': 81.9090909090909, 'MeanThroughput': 0.22401367521367524}, ('LTE', '11037196', '208'): {'MeanLatency': nan, 'MeanThroughput': nan}}",{'EARFCN': '875'},MA,GHz)
1667665472.0,Walking,"{('LTE', '14508312', '400'): {'MeanLatency': nan, 'MeanThroughput': 4.368983333333334}, ('5G', '14508312', '400'): {'MeanLatency': nan, 'MeanThroughput': 19.36687142857143}, ('5G', '9223372036854775807', '545'): {'MeanLatency': 16.29909090909091, 'MeanThroughput': 14.899726315789472}}","{'EARFCN': '1025', 'ARFCN': '2073333'}",MA,5G(mmWave)
1667752017.0,Walking,"{('5G', '5389836591', '341'): {'MeanLatency': 42.78181818181818, 'MeanThroughput': 53.64417129629628}}",{'ARFCN': '529998'},MA,Unknown
1676317819.0,Walking,"{('5G', '21078787', '284'): {'MeanLatency': 57.627272727272725, 'MeanThroughput': 6.643863013698633}, ('LTE', '21078787', '284'): {'MeanLatency': nan, 'MeanThroughput': nan}}",{'EARFCN': '66786'},CA,Unknown
1665094484.0,Walking,"{('5G', '21078793', '284'): {'MeanLatency': 85.47272727272728, 'MeanThroughput': 0.769990909090909}, ('LTE', '21078793', '284'): {'MeanLatency': nan, 'MeanThroughput': nan}}",{'EARFCN': '1000'},CA,Unknown
1665791307.0,Static,"{('5G', '21107713', '450'): {'MeanLatency': 65.18181818181819, 'MeanThroughput': 4.592791724137932}, ('LTE', '21107713', '450'): {'MeanLatency': nan, 'MeanThroughput': nan}}",{'EARFCN': '66786'},CA,Unknown
1658156154.0,Static,"{('LTE', '14397720', '127'): {'MeanLatency': 32.554545454545455, 'MeanThroughput': 6.434432575757578}}",{'EARFCN': '1025'},MA,None
1658155595.0,Static,"{('LTE', '14397730', '128'): {'MeanLatency': nan, 'MeanThroughput': 3.7449285714285714}, ('LTE', '14397720', '127'): {'MeanLatency': 33.77272727272727, 'MeanThroughput': 5.985293805309736}}",{'EARFCN': '1025'},MA,LTE-CA
1658091114.0,Static,"{('LTE', '14397710', '126'): {'MeanLatency': nan, 'MeanThroughput': 4.839876923076923}, ('LTE', '14397708', '126'): {'MeanLatency': 36.00909090909091, 'MeanThroughput': 14.71398494623656}}",{'EARFCN': '66536'},MA,GHz)
1675372206.0,Walking,"{('5G', '21078793', '284'): {'MeanLatency': 62.318181818181806, 'MeanThroughput': 0.5745986301369862}, ('LTE', '21078793', '284'): {'MeanLatency': nan, 'MeanThroughput': nan}}",{'EARFCN': '1000'},CA,Unknown
1657330490.0,Static,"{('LTE', '11037186', '133'): {'MeanLatency': 60.71818181818182, 'MeanThroughput': 16.457011111111107}}",{'EARFCN': '66736'},MA,LTE-CA
1658163890.0,Walking,"{('LTE', '14374444', '41'): {'MeanLatency': nan, 'MeanThroughput': 28.29819487179487}, ('LTE', '14351128', '218'): {'MeanLatency': 33.33636363636364, 'MeanThroughput': 19.850224999999995}}",{'EARFCN': '1025'},MA,None
1667574330.0,Walking,"{('5G', '5459484975', '533'): {'MeanLatency': 35.68181818181818, 'MeanThroughput': 46.33584594594595}}",{'ARFCN': '529998'},MA,Unknown
1658109865.0,Walking,"{('LTE', '14397710', '126'): {'MeanLatency': nan, 'MeanThroughput': 33.49786666666667}, ('LTE', '14397708', '126'): {'MeanLatency': 33.7, 'MeanThroughput': 51.804509523809536}}",{'EARFCN': '66536'},MA,GHz)
1668188813.0,Walking,"{('5G', '9223372036854775807', '341'): {'MeanLatency': 84.47500000000001, 'MeanThroughput': 53.76693867924528}}",{'ARFCN': '529998'},MA,Unknown
1667665639.0,Walking,"{('5G', '9223372036854775807', '145'): {'MeanLatency': 18.499999999999996, 'MeanThroughput': 158.9362656862745}, ('LTE', '9223372036854775807', '145'): {'MeanLatency': nan, 'MeanThroughput': nan}}",{'ARFCN': '2073333'},MA,Unknown
1658093884.0,Static,"{('LTE', '14397723', '127'): {'MeanLatency': nan, 'MeanThroughput': 6.553375}, ('LTE', '14397718', '127'): {'MeanLatency': 34.41818181818182, 'MeanThroughput': 18.032354205607476}}",{'EARFCN': '66536'},MA,GHz)
1657925989.0,Static,"{('LTE', '14351128', '218'): {'MeanLatency': nan, 'MeanThroughput': 7.282633333333333}, ('LTE', '14351116', '216'): {'MeanLatency': nan, 'MeanThroughput': 145.55090476190475}, ('5G', '14351116', '216'): {'MeanLatency': 24.545454545454547, 'MeanThroughput': 132.57141587301587}}",{'EARFCN': '66536'},MA,5G(mmWave)
1668529389.0,Walking,"{('5G', '5459484975', '533'): {'MeanLatency': 43.23636363636363, 'MeanThroughput': 43.029511711711734}}",{'ARFCN': '529998'},MA,None
1658163920.0,Walking,"{('LTE', '14351128', '218'): {'MeanLatency': nan, 'MeanThroughput': 27.788305000000005}, ('LTE', '14536216', '115'): {'MeanLatency': nan, 'MeanThroughput': 51.22065384615385}, ('5G', '14536216', '115'): {'MeanLatency': 20.14181818181818, 'MeanThroughput': 54.232193750000015}}",{'EARFCN': '1025'},MA,5G(mmWave)
1670441483.0,Static,"{('5G', '21078793', '284'): {'MeanLatency': 73.98181818181818, 'MeanThroughput': 11.706662328767127}, ('LTE', '21078793', '284'): {'MeanLatency': nan, 'MeanThroughput': nan}}",{'EARFCN': '1000'},CA,Unknown
1658590604.0,Driving,"{('LTE', '15640842', '45'): {'MeanLatency': 52.11818181818182, 'MeanThroughput': 3.7567212598425197}}",{'EARFCN': '700'},,GHz)
1657330404.0,Static,"{('LTE', '11037186', '133'): {'MeanLatency': 60.22727272727273, 'MeanThroughput': 22.5849375}}",{'EARFCN': '66736'},MA,LTE-CA
1657924805.0,Walking,"{('LTE', '14351128', '218'): {'MeanLatency': 142.5818181818182, 'MeanThroughput': 2.305430496453901}}",{'EARFCN': '1025'},MA,None
1681942330.0,Walking,"{('5G', '7681675287', '35'): {'MeanLatency': nan, 'MeanThroughput': 11.169564492753624}, ('5G', '7653105966', '854'): {'MeanLatency': nan, 'MeanThroughput': 0.0}, ('LTE', '7653105966', '854'): {'MeanLatency': nan, 'MeanThroughput': nan}, ('LTE', '21112065', '155'): {'MeanLatency': 89.2, 'MeanThroughput': nan}}","{'ARFCN': '501390', 'EARFCN': '66786'}",CA,None
1680812781.0,Walking,"{('5G', '7593025837', '807'): {'MeanLatency': 90.91818181818181, 'MeanThroughput': 28.240262184873966}}",{'ARFCN': '501390'},CA,GHz)
1667751884.0,Walking,"{('5G', '5481136429', '371'): {'MeanLatency': nan, 'MeanThroughput': 25.28975882352941}, ('5G', '5388083502', '560'): {'MeanLatency': 43.45454545454545, 'MeanThroughput': 32.88318932038835}}",{'ARFCN': '529998'},MA,Unknown
1682549669.0,Walking,"{('5G', '7593025837', '807'): {'MeanLatency': 91.82727272727273, 'MeanThroughput': 25.388534246575343}}",{'ARFCN': '501390'},CA,None
1657840244.0,Static,"{('5G', '16899080', '201'): {'MeanLatency': 37.38181818181818, 'MeanThroughput': 1.5696401360544217}, ('LTE', '16899080', '201'): {'MeanLatency': nan, 'MeanThroughput': nan}}",{'EARFCN': '700'},MA,GHz)
1661469479.0,Static,"{('LTE', '9223372036854775807', '667'): {'MeanLatency': 42.16363636363636, 'MeanThroughput': 49.3972392156863}}",{'ARFCN': '529998'},MA,Unknown
1658710266.0,Driving,"{('LTE', '15643153', '335'): {'MeanLatency': 58.61818181818182, 'MeanThroughput': 1.2656034482758618}}",{'EARFCN': '5110'},MA,LTE-CA
1663984086.0,Driving,"{('5G', '21099777', '165'): {'MeanLatency': nan, 'MeanThroughput': 2.3383135135135134}, ('LTE', '21099777', '165'): {'MeanLatency': 91.10909090909091, 'MeanThroughput': 9.287365714285714}}",{'EARFCN': '66786'},CA,Unknown
1657923778.0,Static,"{('LTE', '14351128', '218'): {'MeanLatency': 37.845454545454544, 'MeanThroughput': 3.0670598639455777}}",{'EARFCN': '1025'},MA,LTE-CA
1663812071.0,Static,"{('5G', '21090056', '40'): {'MeanLatency': 78.77272727272727, 'MeanThroughput': 22.748425423728815}, ('LTE', '21090056', '40'): {'MeanLatency': nan, 'MeanThroughput': nan}}",{'EARFCN': '1000'},CA,GHz)
1662341567.0,Driving,"{('5G', '10823681', '121'): {'MeanLatency': 35.44545454545454, 'MeanThroughput': 11.182195804195802}, ('LTE', '10823681', '121'): {'MeanLatency': nan, 'MeanThroughput': nan}}",{'EARFCN': '66736'},MA,GHz)
1658579286.0,Static,"{('LTE', '14397720', '127'): {'MeanLatency': 39.409090909090914, 'MeanThroughput': 10.072094736842104}}",{'EARFCN': '1025'},,GHz)
1681503286.0,Static,"{('5G', '7593025837', '807'): {'MeanLatency': 64.75454545454545, 'MeanThroughput': 25.93502123893807}}",{'ARFCN': '501390'},CA,None
1658092508.0,Walking,"{('LTE', '14397708', '126'): {'MeanLatency': 31.036363636363635, 'MeanThroughput': 52.2308537735849}}",{'EARFCN': '66536'},MA,GHz)
1658882549.0,Static,"{('LTE', '11037187', '356'): {'MeanLatency': 60.9090909090909, 'MeanThroughput': 20.81740769230769}}",{'EARFCN': '66736'},MA,LTE-CA
1662162080.0,Static,"{('LTE', '13922057', '277'): {'MeanLatency': 56.33636363636362, 'MeanThroughput': 2.286841428571428}}",{'EARFCN': '875'},MA,GHz)
1667574437.0,Static,"{('LTE', '12445699', '321'): {'MeanLatency': 62.68181818181818, 'MeanThroughput': 9.09451681415929}}",{'EARFCN': '66736'},MA,LTE-CA
1664573360.0,Static,"{('5G', '21078793', '284'): {'MeanLatency': 139.25454545454542, 'MeanThroughput': 2.257427777777778}, ('LTE', '21078793', '284'): {'MeanLatency': nan, 'MeanThroughput': nan}}",{'EARFCN': '1000'},CA,Unknown
1657840685.0,Static,"{('5G', '16899080', '201'): {'MeanLatency': 37.53636363636364, 'MeanThroughput': 1.8903537414965987}, ('LTE', '16899080', '201'): {'MeanLatency': nan, 'MeanThroughput': nan}}",{'EARFCN': '700'},MA,GHz)
1675894312.0,Walking,"{('5G', '21078793', '284'): {'MeanLatency': 67.87272727272727, 'MeanThroughput': 31.36749655172412}, ('LTE', '21078793', '284'): {'MeanLatency': nan, 'MeanThroughput': nan}}",{'EARFCN': '1000'},CA,Unknown
1668876942.0,Static,"{('5G', '5448175919', '666'): {'MeanLatency': 38.79090909090909, 'MeanThroughput': 48.06037592592589}}",{'ARFCN': '524190'},MA,Unknown
1667665570.0,Walking,"{('5G', '9223372036854775807', '145'): {'MeanLatency': 21.20909090909091, 'MeanThroughput': 23.759694594594595}, ('LTE', '9223372036854775807', '145'): {'MeanLatency': nan, 'MeanThroughput': nan}}",{'ARFCN': '2073333'},MA,Unknown
1664844716.0,Walking,"{('5G', '21078793', '284'): {'MeanLatency': 83.69, 'MeanThroughput': 7.1822315068493126}, ('LTE', '21078793', '284'): {'MeanLatency': nan, 'MeanThroughput': nan}}",{'EARFCN': '1000'},CA,Unknown
1657567172.0,Walking,"{('LTE', '14374442', '41'): {'MeanLatency': 37.63636363636364, 'MeanThroughput': 10.889237606837602}}",{'EARFCN': '66536'},MA,GHz)
1667665699.0,Walking,"{('5G', '5459484975', '533'): {'MeanLatency': 42.96363636363637, 'MeanThroughput': 48.4139207207207}}",{'ARFCN': '529998'},MA,Unknown
1658590471.0,Driving,"{('LTE', '15640842', '45'): {'MeanLatency': 43.06363636363636, 'MeanThroughput': 2.59856695652174}}",{'EARFCN': '700'},MA,GHz)
1658085999.0,Walking,"{('LTE', '14397720', '127'): {'MeanLatency': nan, 'MeanThroughput': 3.6696599999999995}, ('LTE', '14397718', '127'): {'MeanLatency': 36.345454545454544, 'MeanThroughput': 12.98468317757009}}",{'EARFCN': '66536'},MA,GHz)
1670532666.0,Walking,"{('5G', '9223372036854775807', '364'): {'MeanLatency': 108.9090909090909, 'MeanThroughput': 0.17096304347826088}}",{'ARFCN': '529998'},MA,Unknown
1668529304.0,Walking,"{('5G', '5459484975', '533'): {'MeanLatency': 49.48181818181818, 'MeanThroughput': 29.280168644067796}}",{'ARFCN': '529998'},MA,None
1662158793.0,Walking,"{('5G', '9223372036854775807', '408'): {'MeanLatency': nan, 'MeanThroughput': 61.12151973684208}, ('5G', '9223372036854775807', '303'): {'MeanLatency': 76.46153846153847, 'MeanThroughput': 83.88674999999998}}",{'ARFCN': '529998'},MA,Unknown
1667665675.0,Walking,"{('5G', '9223372036854775807', '145'): {'MeanLatency': 27.142857142857142, 'MeanThroughput': 119.22392400000001}, ('LTE', '9223372036854775807', '145'): {'MeanLatency': nan, 'MeanThroughput': nan}, ('5G', '9223372036854775807', '34'): {'MeanLatency': 13.65, 'MeanThroughput': 245.07128333333333}, ('LTE', '9223372036854775807', '34'): {'MeanLatency': nan, 'MeanThroughput': nan}}",{'ARFCN': '2073333'},MA,Unknown
1662158770.0,Walking,"{('5G', '9223372036854775807', '303'): {'MeanLatency': 47.199999999999996, 'MeanThroughput': 26.314360377358483}}",{'ARFCN': '529998'},MA,Unknown
1657567519.0,Walking,"{('LTE', '14536214', '115'): {'MeanLatency': 36.400000000000006, 'MeanThroughput': 26.749067346938784}, ('LTE', '14351126', '218'): {'MeanLatency': nan, 'MeanThroughput': 35.55582727272727}}",{'EARFCN': '66536'},MA,LTE-CA
1683742604.0,Static,"{('5G', '21078793', '284'): {'MeanLatency': 98.89090909090909, 'MeanThroughput': 11.45528904109589}, ('LTE', '21078793', '284'): {'MeanLatency': nan, 'MeanThroughput': nan}}",{'EARFCN': '1000'},CA,Unknown
1657324218.0,Static,"{('5G', '16940042', '194'): {'MeanLatency': 42.53636363636363, 'MeanThroughput': 17.110849999999996}, ('LTE', '16940042', '194'): {'MeanLatency': nan, 'MeanThroughput': nan}}",{'EARFCN': '700'},MA,GHz)
1657925165.0,Walking,"{('5G', '14374442', '41'): {'MeanLatency': nan, 'MeanThroughput': 30.146675000000002}, ('LTE', '14374442', '41'): {'MeanLatency': 31.218181818181815, 'MeanThroughput': 34.358054255319146}}",{'EARFCN': '66536'},MA,GHz)
1658590730.0,Driving,"{('LTE', '10458113', '158'): {'MeanLatency': 64.62727272727273, 'MeanThroughput': 24.2584794117647}}",{'EARFCN': '66736'},MA,LTE-CA
1689211801.0,Walking,"{('5G', '0', '285'): {'MeanLatency': nan, 'MeanThroughput': nan}, ('5G', '23200257', '30'): {'MeanLatency': 151.39090909090908, 'MeanThroughput': 10.36852611940298}}","{'ARFCN': '125570', 'EARFCN': '66786'}",CA,GHz)
1671471746.0,Walking,"{('LTE', '9223372036854775807', '560'): {'MeanLatency': 140.53636363636363, 'MeanThroughput': 0.0}}",{'ARFCN': '529998'},MA,Unknown
1667574268.0,Walking,"{('5G', '5459484975', '533'): {'MeanLatency': 36.690909090909095, 'MeanThroughput': 40.939310909090906}}",{'ARFCN': '529998'},MA,Unknown
1662411928.0,Static,"{('5G', '9223372036854775807', '560'): {'MeanLatency': 42.21818181818182, 'MeanThroughput': 10.263738135593226}}",{'ARFCN': '529998'},MA,Unknown
1667751903.0,Static,"{('5G', '5388083502', '560'): {'MeanLatency': 39.85454545454545, 'MeanThroughput': 20.209982051282058}}",{'ARFCN': '529998'},MA,Unknown
1658597597.0,Driving,"{('LTE', '15643664', '154'): {'MeanLatency': nan, 'MeanThroughput': 1.1397217391304348}, ('LTE', '15643663', '150'): {'MeanLatency': 65.97272727272727, 'MeanThroughput': 0.806617094017094}}",{'EARFCN': '5110'},MA,GHz)
1658591977.0,Driving,"{('LTE', '14599170', '184'): {'MeanLatency': 40.981818181818184, 'MeanThroughput': 4.194395714285714}}",{'EARFCN': '5230'},MA,None
1667665601.0,Walking,"{('5G', '9223372036854775807', '145'): {'MeanLatency': 19.436363636363634, 'MeanThroughput': 70.57464803921569}, ('LTE', '9223372036854775807', '145'): {'MeanLatency': nan, 'MeanThroughput': nan}}",{'ARFCN': '2073333'},MA,Unknown
1664838721.0,Walking,"{('5G', '21078793', '284'): {'MeanLatency': 78.07272727272726, 'MeanThroughput': 10.015776551724146}, ('LTE', '21078793', '284'): {'MeanLatency': nan, 'MeanThroughput': nan}}",{'EARFCN': '1000'},CA,Unknown
1669745753.0,Static,"{('5G', '9223372036854775807', '423'): {'MeanLatency': 97.01666666666665, 'MeanThroughput': 17.59236611570248}, ('LTE', '9223372036854775807', '423'): {'MeanLatency': nan, 'MeanThroughput': nan}}",{'ARFCN': '125900'},,GHz)
1657476067.0,Static,"{('LTE', '11009025', '81'): {'MeanLatency': 69.76363636363637, 'MeanThroughput': 21.279952941176468}}",{'EARFCN': '66736'},MA,LTE-CA
1658088602.0,Walking,"{('LTE', '14397718', '127'): {'MeanLatency': 37.82727272727273, 'MeanThroughput': 11.366603999999997}}",{'EARFCN': '66536'},MA,GHz)
1683742584.0,Static,"{('5G', '21078793', '284'): {'MeanLatency': 59.790909090909096, 'MeanThroughput': 10.572908264462807}, ('LTE', '21078793', '284'): {'MeanLatency': nan, 'MeanThroughput': nan}}",{'EARFCN': '1000'},CA,5G(mmWave)
1667665674.0,Walking,"{('5G', '5459484975', '533'): {'MeanLatency': 48.07272727272727, 'MeanThroughput': 45.08928818181818}}",{'ARFCN': '529998'},MA,Unknown
1680643050.0,Static,"{('5G', '16940226', '467'): {'MeanLatency': 402.09090909090907, 'MeanThroughput': 12.31122740740741}, ('LTE', '16940226', '467'): {'MeanLatency': nan, 'MeanThroughput': nan}}",{'EARFCN': '67086'},MA,GHz)
1658368780.0,Static,"{('5G', '22837250', '398'): {'MeanLatency': 58.8, 'MeanThroughput': 103.66004857142859}, ('LTE', '22837250', '398'): {'MeanLatency': nan, 'MeanThroughput': nan}}",{'EARFCN': '66536'},CA,Unknown
1667665506.0,Static,"{('5G', '5388083502', '560'): {'MeanLatency': 50.45454545454545, 'MeanThroughput': 23.049155855855858}}",{'ARFCN': '529998'},MA,Unknown
1674607292.0,Walking,"{('5G', '21078793', '284'): {'MeanLatency': 59.045454545454554, 'MeanThroughput': 14.78774102564102}, ('LTE', '21078793', '284'): {'MeanLatency': nan, 'MeanThroughput': nan}}",{'EARFCN': '1000'},CA,Unknown
1657814295.0,Static,"{('LTE', '11009033', '13'): {'MeanLatency': 69.30000000000001, 'MeanThroughput': 8.58534247787611}}",{'EARFCN': '875'},MA,LTE-CA
1658081883.0,Walking,"{('5G', '14508310', '400'): {'MeanLatency': 165.84545454545454, 'MeanThroughput': 14.861570676691736}, ('LTE', '14508310', '400'): {'MeanLatency': nan, 'MeanThroughput': nan}}",{'EARFCN': '66536'},MA,5G(mmWave)
1658274543.0,Static,"{('LTE', '14351128', '218'): {'MeanLatency': nan, 'MeanThroughput': nan}}",{'EARFCN': '1025'},,None
1658274556.0,Static,"{('LTE', '14351128', '218'): {'MeanLatency': nan, 'MeanThroughput': nan}}",{'EARFCN': '1025'},,None
1658081815.0,Walking,"{('5G', '14508310', '400'): {'MeanLatency': 23.736363636363638, 'MeanThroughput': 41.08629396551727}, ('LTE', '14508310', '400'): {'MeanLatency': nan, 'MeanThroughput': nan}}",{'EARFCN': '66536'},MA,5G(mmWave)
1660123285.0,Static,"{('5G', '9223372036854775807', '85'): {'MeanLatency': 53.54545454545455, 'MeanThroughput': 32.920013513513524}}",{'ARFCN': '529998'},MA,Unknown
1658345682.0,Static,"{('LTE', '33908031', '113'): {'MeanLatency': 59.11818181818182, 'MeanThroughput': 2.8798852112676054}}",{'EARFCN': '68786'},MA,LTE-CA
1658709986.0,Driving,"{('LTE', '14358017', '349'): {'MeanLatency': 77.91818181818184, 'MeanThroughput': 3.0818404580152685}}",{'EARFCN': '66786'},MA,None
1657330425.0,Static,"{('LTE', '11037186', '133'): {'MeanLatency': 58.99090909090908, 'MeanThroughput': 26.314487619047615}}",{'EARFCN': '66736'},MA,LTE-CA
1658090490.0,Static,"{('LTE', '14397708', '126'): {'MeanLatency': 35.9, 'MeanThroughput': 12.609300826446276}}",{'EARFCN': '66536'},MA,GHz)
1657922481.0,Static,"{('LTE', '14351128', '218'): {'MeanLatency': 37.290909090909096, 'MeanThroughput': 3.423931972789116}}",{'EARFCN': '1025'},MA,LTE-CA
1668188742.0,Walking,"{('5G', '9223372036854775807', '560'): {'MeanLatency': 60.39090909090908, 'MeanThroughput': 26.26505}}",{'ARFCN': '529998'},MA,Unknown
1668529285.0,Walking,"{('5G', '5389836591', '341'): {'MeanLatency': 106.36666666666667, 'MeanThroughput': 34.727508256880746}, ('5G', '5459484975', '533'): {'MeanLatency': 47.75, 'MeanThroughput': nan}}",{'ARFCN': '529998'},MA,None
1657567594.0,Walking,"{('5G', '17060035', '103'): {'MeanLatency': 52.90909090909091, 'MeanThroughput': 55.428897272727276}, ('LTE', '17060035', '103'): {'MeanLatency': nan, 'MeanThroughput': nan}}",{'EARFCN': '700'},MA,GHz)
1658461851.0,Static,"{('LTE', '34497537', '384'): {'MeanLatency': 61.84545454545455, 'MeanThroughput': 3.6262341666666655}}",{'EARFCN': '66736'},MA,LTE-CA
1658345759.0,Static,"{('LTE', '16899080', '201'): {'MeanLatency': 39.83636363636364, 'MeanThroughput': 4.599115789473686}}",{'EARFCN': '700'},MA,None
1662406787.0,Static,"{('5G', '9223372036854775807', '560'): {'MeanLatency': 47.936363636363645, 'MeanThroughput': 5.679794444444446}}",{'ARFCN': '529998'},MA,Unknown
1667615658.0,Walking,"{('LTE', '14372867', '85'): {'MeanLatency': 36.1875, 'MeanThroughput': 12.130874509803926}, ('LTE', '9223372036854775807', '145'): {'MeanLatency': nan, 'MeanThroughput': 0.5720890909090909}}","{'EARFCN': '5230', 'ARFCN': '2073333'}",MA,LTE-CA
1667665699.0,Walking,"{('5G', '9223372036854775807', '145'): {'MeanLatency': nan, 'MeanThroughput': nan}, ('LTE', '9223372036854775807', '145'): {'MeanLatency': nan, 'MeanThroughput': nan}, ('5G', '9223372036854775807', '144'): {'MeanLatency': 186.35454545454547, 'MeanThroughput': 31.210062264150952}, ('LTE', '9223372036854775807', '144'): {'MeanLatency': nan, 'MeanThroughput': nan}}",{'ARFCN': '2073333'},MA,Unknown
1658591984.0,Driving,"{('LTE', '15644682', '183'): {'MeanLatency': 41.981818181818184, 'MeanThroughput': 0.7669934959349592}}",{'EARFCN': '700'},MA,GHz)
1657567500.0,Walking,"{('LTE', '14374442', '41'): {'MeanLatency': 31.133333333333336, 'MeanThroughput': 34.029181730769224}, ('LTE', '14536214', '115'): {'MeanLatency': 35.6875, 'MeanThroughput': nan}}",{'EARFCN': '66536'},MA,LTE-CA
1680728938.0,Walking,"{('5G', '21078793', '284'): {'MeanLatency': 138.57272727272726, 'MeanThroughput': 2.2623657534246573}, ('LTE', '21078793', '284'): {'MeanLatency': nan, 'MeanThroughput': nan}}",{'EARFCN': '1000'},CA,Unknown
1658590517.0,Driving,"{('LTE', '14623766', '179'): {'MeanLatency': 36.077777777777776, 'MeanThroughput': 2.8369753424657542}, ('LTE', '14599948', '314'): {'MeanLatency': 41.3, 'MeanThroughput': nan}}",{'EARFCN': '66536'},MA,GHz)
1662156115.0,Walking,"{('5G', '225546251', '78'): {'MeanLatency': 64.0090909090909, 'MeanThroughput': 22.8823906542056}}",{'EARFCN': '875'},MA,GHz)
1658082001.0,Walking,"{('5G', '14508310', '400'): {'MeanLatency': 20.236363636363635, 'MeanThroughput': 32.3931625}, ('LTE', '14508310', '400'): {'MeanLatency': nan, 'MeanThroughput': nan}}",{'EARFCN': '66536'},MA,5G(mmWave)
1658082032.0,Walking,"{('5G', '14508310', '400'): {'MeanLatency': 24.263636363636362, 'MeanThroughput': 105.61662019230766}, ('LTE', '14508310', '400'): {'MeanLatency': nan, 'MeanThroughput': nan}}",{'EARFCN': '66536'},MA,5G(mmWave)
1670532579.0,Static,"{('LTE', '9223372036854775807', '364'): {'MeanLatency': 128.13000000000002, 'MeanThroughput': 0.23310888888888887}}",{'ARFCN': '529998'},MA,Unknown
1670532104.0,Static,"{('LTE', '9223372036854775807', '247'): {'MeanLatency': 276.81818181818187, 'MeanThroughput': 0.10594040404040403}}",{'ARFCN': '125900'},MA,GHz)
1657324539.0,Static,"{('LTE', '16940042', '194'): {'MeanLatency': 39.31818181818182, 'MeanThroughput': 7.321368103448276}}",{'EARFCN': '700'},MA,GHz)
1657926488.0,Walking,"{('5G', '14374442', '41'): {'MeanLatency': 67.02727272727272, 'MeanThroughput': 46.99488909090909}, ('LTE', '14374442', '41'): {'MeanLatency': nan, 'MeanThroughput': nan}}",{'EARFCN': '66536'},MA,5G(mmWave)
1670368564.0,Static,"{('5G', '21078793', '284'): {'MeanLatency': 77.45454545454544, 'MeanThroughput': 1.8861820143884893}, ('LTE', '21078793', '284'): {'MeanLatency': nan, 'MeanThroughput': nan}}",{'EARFCN': '1000'},CA,Unknown
1658163905.0,Walking,"{('LTE', '14351128', '218'): {'MeanLatency': 31.363636363636363, 'MeanThroughput': 33.15655092592591}}",{'EARFCN': '1025'},MA,None
1667752002.0,Walking,"{('5G', '5389836591', '341'): {'MeanLatency': 42.95454545454545, 'MeanThroughput': 48.69739819819822}}",{'ARFCN': '529998'},MA,Unknown
1658079823.0,Static,"{('LTE', '14397708', '126'): {'MeanLatency': nan, 'MeanThroughput': 4.494442857142857}, ('LTE', '14397718', '127'): {'MeanLatency': 32.5, 'MeanThroughput': 9.996168224299069}}",{'EARFCN': '66536'},MA,GHz)
1658109880.0,Walking,"{('LTE', '14397708', '126'): {'MeanLatency': 40.70909090909091, 'MeanThroughput': 54.381411764705895}}",{'EARFCN': '66536'},MA,GHz)
1657325657.0,Static,"{('LTE', '34497537', '384'): {'MeanLatency': 63.41818181818182, 'MeanThroughput': 0.11382821997105641}}",{'EARFCN': '66736'},MA,LTE-CA
1682702450.0,Walking,"{('5G', '21078793', '284'): {'MeanLatency': 72.9, 'MeanThroughput': 23.069608800000008}, ('LTE', '21078793', '284'): {'MeanLatency': nan, 'MeanThroughput': nan}}",{'EARFCN': '1000'},CA,Unknown
1658590581.0,Driving,"{('LTE', '14599948', '314'): {'MeanLatency': nan, 'MeanThroughput': 33.925482352941174}, ('LTE', '14599958', '312'): {'MeanLatency': 38.154545454545456, 'MeanThroughput': 27.890595876288664}}",{'EARFCN': '66536'},MA,GHz)
1667233026.0,Walking,"{('5G', '5459484975', '533'): {'MeanLatency': 43.3, 'MeanThroughput': 44.58728938053096}}",{'ARFCN': '529998'},MA,Unknown
1667233044.0,Static,"{('5G', '5459484975', '533'): {'MeanLatency': 55.01818181818182, 'MeanThroughput': 47.666179090909075}}",{'ARFCN': '529998'},MA,Unknown
1667665546.0,Walking,"{('5G', '5388083502', '560'): {'MeanLatency': 50.17272727272727, 'MeanThroughput': 18.03398636363635}}",{'ARFCN': '529998'},MA,Unknown
1657925108.0,Walking,"{('LTE', '14374442', '41'): {'MeanLatency': nan, 'MeanThroughput': 34.82353333333333}, ('5G', '14374442', '41'): {'MeanLatency': 15.375454545454545, 'MeanThroughput': 27.868498630136987}}",{'EARFCN': '66536'},MA,5G(mmWave)
1664921376.0,Static,"{('5G', '21078793', '284'): {'MeanLatency': 117.8, 'MeanThroughput': 10.376754166666666}, ('LTE', '21078793', '284'): {'MeanLatency': nan, 'MeanThroughput': nan}}",{'EARFCN': '1000'},CA,GHz)
1670523278.0,Static,"{('5G', '9223372036854775807', '247'): {'MeanLatency': nan, 'MeanThroughput': 1.513122680412371}, ('5G', '9223372036854775807', '189'): {'MeanLatency': 145.97272727272727, 'MeanThroughput': 1.5611574468085105}}",{'ARFCN': '125900'},MA,GHz)
1658590452.0,Driving,"{('LTE', '14623776', '177'): {'MeanLatency': nan, 'MeanThroughput': 7.726531578947366}, ('LTE', '14623776', '179'): {'MeanLatency': nan, 'MeanThroughput': 7.9391085714285685}, ('LTE', '14623766', '179'): {'MeanLatency': 40.081818181818186, 'MeanThroughput': 15.44586486486487}}",{'EARFCN': '66536'},MA,GHz)
1667232901.0,Walking,"{('5G', '5389836591', '341'): {'MeanLatency': 51.03636363636363, 'MeanThroughput': 14.706916949152532}}",{'ARFCN': '529998'},MA,Unknown
1672565111.0,Static,"{('LTE', '45611008', '109'): {'MeanLatency': 279.0, 'MeanThroughput': 51.38917657657659}}",{'EARFCN': '1300'},85356,LTE-CA
1666574949.0,Static,"{('LTE', '141688328', '13'): {'MeanLatency': 64.10000000000001, 'MeanThroughput': 42.811079816513775}}",{'EARFCN': '850'},CA,LTE
1657831411.0,Static,"{('LTE', '16899080', '201'): {'MeanLatency': nan, 'MeanThroughput': 1.200128915662651}, ('5G', '16899080', '201'): {'MeanLatency': 37.56363636363636, 'MeanThroughput': 0.9454688524590164}}",{'EARFCN': '700'},MA,GHz)
1657925932.0,Static,"{('LTE', '14351116', '216'): {'MeanLatency': nan, 'MeanThroughput': 109.79383235294118}, ('5G', '14351116', '216'): {'MeanLatency': 26.454545454545453, 'MeanThroughput': 159.7909880597015}}",{'EARFCN': '66536'},MA,5G(mmWave)
1664489884.0,Static,"{('5G', '21078793', '284'): {'MeanLatency': 92.32727272727271, 'MeanThroughput': 2.189612598425197}, ('LTE', '21078793', '284'): {'MeanLatency': nan, 'MeanThroughput': nan}}",{'EARFCN': '1000'},CA,Unknown
1684357388.0,Walking,"{('5G', '21078793', '284'): {'MeanLatency': 57.436363636363645, 'MeanThroughput': 62.235123148148176}, ('LTE', '21078793', '284'): {'MeanLatency': nan, 'MeanThroughput': nan}}",{'EARFCN': '1000'},CA,Unknown
1658154866.0,Walking,"{('LTE', '14397713', '126'): {'MeanLatency': 22.400000000000002, 'MeanThroughput': 27.77743557692307}, ('5G', '14397713', '126'): {'MeanLatency': 19.775000000000002, 'MeanThroughput': nan}}",{'EARFCN': '2560'},MA,5G(mmWave)
1658155815.0,Static,"{('LTE', '14397720', '127'): {'MeanLatency': 35.60909090909091, 'MeanThroughput': 6.408457264957264}}",{'EARFCN': '1025'},MA,LTE-CA
1658710060.0,Driving,"{('LTE', '14651393', '158'): {'MeanLatency': 66.6375, 'MeanThroughput': 0.9224231481481481}, ('LTE', '14625795', '285'): {'MeanLatency': 51.0, 'MeanThroughput': nan}}",{'EARFCN': '5230'},MA,LTE-CA
1657925035.0,Walking,"{('LTE', '14536214', '115'): {'MeanLatency': 36.25454545454545, 'MeanThroughput': 37.92219126213595}}",{'EARFCN': '66536'},MA,LTE-CA
1662411705.0,Static,"{('5G', '9223372036854775807', '560'): {'MeanLatency': 49.31818181818182, 'MeanThroughput': 12.7074186440678}, ('LTE', '9223372036854775807', '560'): {'MeanLatency': nan, 'MeanThroughput': nan}}",{'ARFCN': '529998'},MA,Unknown
1662158830.0,Walking,"{('5G', '9223372036854775807', '303'): {'MeanLatency': 41.43636363636363, 'MeanThroughput': 79.64258857142858}}",{'ARFCN': '529998'},MA,Unknown
1657925275.0,Walking,"{('LTE', '14536214', '115'): {'MeanLatency': nan, 'MeanThroughput': 33.0714}, ('5G', '14536214', '115'): {'MeanLatency': 20.46363636363636, 'MeanThroughput': 45.18922058823531}}",{'EARFCN': '66536'},MA,5G(mmWave)
1685141424.0,Walking,"{('5G', '21078793', '284'): {'MeanLatency': 55.82727272727273, 'MeanThroughput': 13.050874100719433}, ('LTE', '21078793', '284'): {'MeanLatency': nan, 'MeanThroughput': nan}}",{'EARFCN': '1000'},CA,Unknown
1657925295.0,Walking,"{('5G', '14536214', '115'): {'MeanLatency': nan, 'MeanThroughput': 68.3602076923077}, ('LTE', '14536214', '115'): {'MeanLatency': nan, 'MeanThroughput': nan}, ('5G', '14351126', '218'): {'MeanLatency': 23.12272727272727, 'MeanThroughput': 55.0182325301205}, ('LTE', '14351126', '218'): {'MeanLatency': nan, 'MeanThroughput': nan}}",{'EARFCN': '66536'},MA,5G(mmWave)
1658081784.0,Walking,"{('LTE', '14397708', '126'): {'MeanLatency': 33.80909090909091, 'MeanThroughput': 53.863416981132055}}",{'EARFCN': '66536'},MA,GHz)
1658109979.0,Walking,"{('LTE', '14397708', '126'): {'MeanLatency': 40.18181818181818, 'MeanThroughput': 47.54621372549018}}",{'EARFCN': '66536'},MA,GHz)
1675805851.0,Walking,"{('5G', '21078793', '284'): {'MeanLatency': 68.52727272727273, 'MeanThroughput': 10.162837671232877}, ('LTE', '21078793', '284'): {'MeanLatency': nan, 'MeanThroughput': nan}}",{'EARFCN': '1000'},CA,Unknown
1657925251.0,Walking,"{('LTE', '14351126', '218'): {'MeanLatency': 48.23333333333333, 'MeanThroughput': 36.59917281553398}, ('LTE', '14536214', '115'): {'MeanLatency': 31.262500000000003, 'MeanThroughput': nan}}",{'EARFCN': '66536'},MA,LTE-CA
1661919600.0,Static,"{('5G', '16940042', '14'): {'MeanLatency': 83.18181818181819, 'MeanThroughput': 22.14313388429752}, ('LTE', '16940042', '14'): {'MeanLatency': nan, 'MeanThroughput': nan}}",{'EARFCN': '700'},MA,GHz)
1657567584.0,Walking,"{('5G', '14536214', '115'): {'MeanLatency': 23.281818181818185, 'MeanThroughput': 165.35583529411764}, ('LTE', '14536214', '115'): {'MeanLatency': nan, 'MeanThroughput': nan}}",{'EARFCN': '66536'},MA,5G(mmWave)
1657325383.0,Static,"{('LTE', '16940042', '194'): {'MeanLatency': 39.13636363636363, 'MeanThroughput': 6.06669090909091}}",{'EARFCN': '700'},MA,GHz)
1657476084.0,Static,"{('LTE', '11009025', '81'): {'MeanLatency': 65.99090909090908, 'MeanThroughput': 24.518230392156866}}",{'EARFCN': '66736'},MA,LTE-CA
1664477211.0,Static,"{('5G', '21078793', '284'): {'MeanLatency': 74.69999999999999, 'MeanThroughput': 1.8705552447552447}, ('LTE', '21078793', '284'): {'MeanLatency': nan, 'MeanThroughput': nan}}",{'EARFCN': '1000'},CA,GHz)
1665178114.0,Walking,"{('LTE', '21112076', '154'): {'MeanLatency': 78.75454545454545, 'MeanThroughput': 19.66121442307693}}",{'EARFCN': '1000'},CA,Unknown
1667665493.0,Walking,"{('5G', '9223372036854775807', '545'): {'MeanLatency': 62.13636363636363, 'MeanThroughput': 13.981313513513511}}",{'ARFCN': '2073333'},MA,Unknown
1667574238.0,Walking,"{('5G', '5389836591', '341'): {'MeanLatency': 47.29090909090908, 'MeanThroughput': 38.66061391304347}}",{'ARFCN': '529998'},MA,Unknown
1658343376.0,Static,"{('LTE', '11037187', '356'): {'MeanLatency': 59.5090909090909, 'MeanThroughput': 2.7651609589041093}}",{'EARFCN': '66736'},MA,LTE-CA
1681169450.0,Static,"{('5G', '21078793', '284'): {'MeanLatency': 113.05454545454549, 'MeanThroughput': 4.652340140845071}, ('LTE', '21078793', '284'): {'MeanLatency': nan, 'MeanThroughput': nan}}",{'EARFCN': '1000'},CA,GHz)
1658362326.0,Static,"{('LTE', '10413314', '98'): {'MeanLatency': 55.30909090909092, 'MeanThroughput': 23.10907961165048}}",{'EARFCN': '66736'},MA,LTE-CA
1664756196.0,Static,"{('5G', '46074114', '102'): {'MeanLatency': nan, 'MeanThroughput': 0.0}, ('LTE', '46074114', '102'): {'MeanLatency': 86.67272727272726, 'MeanThroughput': 0.21617422680412374}}",{'EARFCN': '66786'},CA,Unknown
1685470331.0,Walking,"{('5G', '21078793', '284'): {'MeanLatency': 65.02727272727273, 'MeanThroughput': 26.658812711864407}, ('LTE', '21078793', '284'): {'MeanLatency': nan, 'MeanThroughput': nan}}",{'EARFCN': '1000'},CA,GHz)
1658154416.0,Static,"{('LTE', '14397720', '127'): {'MeanLatency': 68.16363636363639, 'MeanThroughput': 6.063645578231292}}",{'EARFCN': '1025'},MA,None
1667665620.0,Walking,"{('5G', '9223372036854775807', '145'): {'MeanLatency': 16.409090909090907, 'MeanThroughput': 88.77792500000002}, ('LTE', '9223372036854775807', '145'): {'MeanLatency': nan, 'MeanThroughput': nan}}",{'ARFCN': '2073333'},MA,Unknown
1667665718.0,Walking,"{('5G', '9223372036854775807', '144'): {'MeanLatency': 72.93636363636364, 'MeanThroughput': 106.7438786407767}, ('LTE', '9223372036854775807', '144'): {'MeanLatency': nan, 'MeanThroughput': nan}}",{'ARFCN': '2073333'},MA,Unknown
1665883068.0,Static,"{('5G', '9223372036854775807', '647'): {'MeanLatency': 93.64545454545454, 'MeanThroughput': 9.353305599999997}, ('LTE', '9223372036854775807', '647'): {'MeanLatency': nan, 'MeanThroughput': nan}}",{'ARFCN': '125900'},MA,GHz)
1658109994.0,Walking,"{('LTE', '14397708', '126'): {'MeanLatency': 35.08181818181818, 'MeanThroughput': 53.395738834951445}}",{'EARFCN': '66536'},MA,GHz)
1657926512.0,Walking,"{('5G', '2147483647', '41'): {'MeanLatency': nan, 'MeanThroughput': 13.635480000000001}, ('LTE', '2147483647', '41'): {'MeanLatency': nan, 'MeanThroughput': 33.198299999999996}, ('LTE', '14374442', '41'): {'MeanLatency': 36.89090909090909, 'MeanThroughput': 45.8613120879121}}",{'EARFCN': '66536'},MA,GHz)
1674858589.0,Walking,"{('5G', '21078793', '284'): {'MeanLatency': 141.93636363636364, 'MeanThroughput': 5.7097856164383565}, ('LTE', '21078793', '284'): {'MeanLatency': nan, 'MeanThroughput': nan}}",{'EARFCN': '1000'},CA,GHz)
1667233064.0,Walking,"{('5G', '5459484975', '533'): {'MeanLatency': 43.63636363636363, 'MeanThroughput': 45.262325688073396}}",{'ARFCN': '529998'},MA,Unknown
1671471720.0,Walking,"{('LTE', '9223372036854775807', '560'): {'MeanLatency': 397.1, 'MeanThroughput': 0.2779719696969697}}",{'ARFCN': '529998'},MA,Unknown
1657735152.0,Static,"{('LTE', '11614210', '224'): {'MeanLatency': nan, 'MeanThroughput': 8.341040000000005}}",{'EARFCN': '66736'},MA,LTE-CA
1665004616.0,Walking,"{('5G', '21078793', '284'): {'MeanLatency': 157.83636363636361, 'MeanThroughput': 2.5666034965034967}, ('LTE', '21078793', '284'): {'MeanLatency': nan, 'MeanThroughput': nan}}",{'EARFCN': '1000'},CA,Unknown
1657330383.0,Static,"{('LTE', '11037186', '133'): {'MeanLatency': 64.27272727272727, 'MeanThroughput': 9.246699090909093}}",{'EARFCN': '66736'},MA,LTE-CA
1670534630.0,Static,"{('LTE', '11037196', '208'): {'MeanLatency': nan, 'MeanThroughput': nan}, ('LTE', '9223372036854775807', '364'): {'MeanLatency': nan, 'MeanThroughput': nan}, ('LTE', '9223372036854775807', '432'): {'MeanLatency': 87.86363636363636, 'MeanThroughput': 1.2431607407407408}}","{'EARFCN': '875', 'ARFCN': '529998'}",MA,Unknown
1658109964.0,Walking,"{('5G', '14508310', '400'): {'MeanLatency': nan, 'MeanThroughput': 16.775173333333335}, ('LTE', '14508310', '400'): {'MeanLatency': nan, 'MeanThroughput': nan}, ('5G', '14397708', '126'): {'MeanLatency': nan, 'MeanThroughput': 23.313237349397593}, ('LTE', '14397708', '126'): {'MeanLatency': 36.67272727272728, 'MeanThroughput': 41.9517}}",{'EARFCN': '66536'},MA,GHz)
1668529336.0,Walking,"{('5G', '5389836591', '341'): {'MeanLatency': 40.50909090909091, 'MeanThroughput': 45.1848327272727}}",{'ARFCN': '529998'},MA,Unknown
1665964074.0,Static,"{('5G', '9223372036854775807', '560'): {'MeanLatency': 37.47272727272727, 'MeanThroughput': 6.109080869565219}}",{'ARFCN': '529998'},MA,Unknown
1658590745.0,Driving,"{('LTE', '10458113', '158'): {'MeanLatency': nan, 'MeanThroughput': 4.574128205128205}, ('LTE', '10458114', '156'): {'MeanLatency': 69.85454545454546, 'MeanThroughput': 32.587024615384614}}",{'EARFCN': '66736'},MA,LTE-CA
1667665570.0,Walking,"{('5G', '5388083502', '560'): {'MeanLatency': nan, 'MeanThroughput': 13.061233333333332}, ('5G', '5445325101', '445'): {'MeanLatency': 56.16363636363636, 'MeanThroughput': 6.81585}}",{'ARFCN': '529998'},MA,Unknown
1657567500.0,Walking,"{('5G', '16925194', '389'): {'MeanLatency': nan, 'MeanThroughput': 43.94160476190476}, ('LTE', '16925194', '389'): {'MeanLatency': nan, 'MeanThroughput': nan}, ('LTE', '17059267', '335'): {'MeanLatency': nan, 'MeanThroughput': 33.20316333333333}, ('5G', '17059267', '335'): {'MeanLatency': 45.83636363636364, 'MeanThroughput': 55.463642105263155}}",{'EARFCN': '700'},MA,GHz)
1658079870.0,Static,"{('LTE', '14397720', '127'): {'MeanLatency': nan, 'MeanThroughput': 3.9312583333333326}, ('LTE', '14397718', '127'): {'MeanLatency': 37.01818181818181, 'MeanThroughput': 12.561511458333333}}",{'EARFCN': '66536'},MA,GHz)
1658345827.0,Static,"{('LTE', '16899080', '201'): {'MeanLatency': 40.10909090909091, 'MeanThroughput': 4.727755357142857}}",{'EARFCN': '700'},MA,None
1657842118.0,Static,"{('5G', '16899080', '201'): {'MeanLatency': 39.68181818181818, 'MeanThroughput': 1.9148773913043484}, ('LTE', '16899080', '201'): {'MeanLatency': nan, 'MeanThroughput': nan}}",{'EARFCN': '700'},MA,GHz)
1664233033.0,Walking,"{('5G', '21078793', '284'): {'MeanLatency': 165.52727272727276, 'MeanThroughput': nan}, ('LTE', '21078793', '284'): {'MeanLatency': nan, 'MeanThroughput': nan}}",{'EARFCN': '1000'},CA,Unknown
1658092491.0,Walking,"{('LTE', '14397710', '126'): {'MeanLatency': nan, 'MeanThroughput': 28.086742857142855}, ('LTE', '14397708', '126'): {'MeanLatency': 35.25454545454546, 'MeanThroughput': 49.26118351648351}}",{'EARFCN': '66536'},MA,GHz)
1657923982.0,Static,"{('LTE', '14374444', '41'): {'MeanLatency': nan, 'MeanThroughput': 10.48556}, ('LTE', '14536214', '115'): {'MeanLatency': 43.72727272727273, 'MeanThroughput': 20.673875000000006}}",{'EARFCN': '66536'},MA,None
1658597630.0,Driving,"{('LTE', '15643663', '150'): {'MeanLatency': nan, 'MeanThroughput': 5.144855140186917}, ('LTE', '9223372036854775807', '424'): {'MeanLatency': 51.87272727272728, 'MeanThroughput': 0.26882307692307694}}","{'EARFCN': '5110', 'ARFCN': '174800'}",MA,GHz)
1667574210.0,Walking,"{('5G', '5389836591', '341'): {'MeanLatency': 43.02727272727273, 'MeanThroughput': 28.40266695652174}}",{'ARFCN': '529998'},MA,Unknown
1658081745.0,Walking,"{('LTE', '14397708', '126'): {'MeanLatency': 21.46363636363636, 'MeanThroughput': 47.42524272727271}}",{'EARFCN': '66536'},MA,5G(mmWave)
1684370296.0,Walking,"{('LTE', '21112073', '155'): {'MeanLatency': nan, 'MeanThroughput': nan}, ('5G', '21112073', '155'): {'MeanLatency': 60.91818181818182, 'MeanThroughput': 13.802824489795922}}",{'EARFCN': '1000'},CA,GHz)
1658590470.0,Driving,"{('LTE', '14623766', '179'): {'MeanLatency': 43.79090909090908, 'MeanThroughput': 12.788987850467288}}",{'EARFCN': '66536'},MA,GHz)
1657325737.0,Static,"{('LTE', '34497537', '384'): {'MeanLatency': 76.16363636363634, 'MeanThroughput': 0.11021351351351351}}",{'EARFCN': '66736'},MA,LTE-CA
1662408225.0,Static,"{('5G', '9223372036854775807', '560'): {'MeanLatency': nan, 'MeanThroughput': 4.119485714285714}, ('LTE', '9223372036854775807', '560'): {'MeanLatency': 41.86363636363637, 'MeanThroughput': 9.362642857142859}, ('5G', '11614210', '224'): {'MeanLatency': nan, 'MeanThroughput': nan}, ('LTE', '11614210', '224'): {'MeanLatency': nan, 'MeanThroughput': 1.893258333333333}}","{'ARFCN': '529998', 'EARFCN': '66736'}",MA,5G(mmWave)
1657925018.0,Walking,"{('LTE', '14374442', '41'): {'MeanLatency': 41.154545454545456, 'MeanThroughput': 53.51668207547171}}",{'EARFCN': '66536'},MA,LTE-CA
1665963855.0,Static,"{('5G', '9223372036854775807', '560'): {'MeanLatency': 91.45454545454547, 'MeanThroughput': 1.0700782312925168}, ('LTE', '9223372036854775807', '560'): {'MeanLatency': nan, 'MeanThroughput': nan}}",{'ARFCN': '529998'},MA,Unknown
1658108966.0,Static,"{('LTE', '14397720', '127'): {'MeanLatency': nan, 'MeanThroughput': 2.4201076923076923}, ('LTE', '14397718', '127'): {'MeanLatency': 35.41818181818182, 'MeanThroughput': 11.468843749999996}}",{'EARFCN': '66536'},MA,GHz)
1662401894.0,Static,"{('LTE', '9223372036854775807', '560'): {'MeanLatency': nan, 'MeanThroughput': 8.36581489361702}, ('5G', '9223372036854775807', '560'): {'MeanLatency': 35.43636363636363, 'MeanThroughput': 11.162414516129033}}",{'ARFCN': '529998'},MA,Unknown
1657325495.0,Static,"{('LTE', '34497537', '384'): {'MeanLatency': 66.61818181818181, 'MeanThroughput': 0.11863182503770739}}",{'EARFCN': '66736'},MA,LTE-CA
1683848052.0,Walking,"{('5G', '7593025837', '807'): {'MeanLatency': 77.70909090909092, 'MeanThroughput': 22.66969724137932}}",{'ARFCN': '501390'},CA,Unknown
1658710161.0,Driving,"{('LTE', '14625794', '287'): {'MeanLatency': 51.22727272727273, 'MeanThroughput': 15.681446846846853}}",{'EARFCN': '5230'},MA,LTE-CA
1668188767.0,Walking,"{('5G', '9223372036854775807', '341'): {'MeanLatency': 69.24545454545454, 'MeanThroughput': 31.102103883495143}}",{'ARFCN': '529998'},MA,Unknown
1658109510.0,Static,"{('LTE', '14397720', '127'): {'MeanLatency': nan, 'MeanThroughput': 5.242249999999999}, ('LTE', '14397718', '127'): {'MeanLatency': 34.72727272727273, 'MeanThroughput': 9.497481967213114}}",{'EARFCN': '66536'},MA,GHz)
1657324177.0,Static,"{('5G', '16940042', '194'): {'MeanLatency': 45.86363636363637, 'MeanThroughput': 8.9459873015873}, ('LTE', '16940042', '194'): {'MeanLatency': nan, 'MeanThroughput': nan}}",{'EARFCN': '700'},MA,GHz)
1658092523.0,Walking,"{('LTE', '14397708', '126'): {'MeanLatency': nan, 'MeanThroughput': 54.74244915254239}, ('5G', '14397708', '126'): {'MeanLatency': 19.972727272727273, 'MeanThroughput': 72.46822888888889}}",{'EARFCN': '66536'},MA,5G(mmWave)
1668529242.0,Walking,"{('5G', '5388083502', '560'): {'MeanLatency': 74.19000000000001, 'MeanThroughput': 2.4287051470588232}}",{'ARFCN': '529998'},MA,None
1674688869.0,Static,"{('LTE', '9223372036854775807', '560'): {'MeanLatency': 42.40909090909091, 'MeanThroughput': 9.487363492063487}}",{'ARFCN': '529998'},MA,Unknown
1658154807.0,Walking,"{('LTE', '14397713', '126'): {'MeanLatency': 30.29090909090909, 'MeanThroughput': 23.827504464285717}}",{'EARFCN': '2560'},MA,None
1658590551.0,Driving,"{('LTE', '15640842', '45'): {'MeanLatency': 40.00909090909091, 'MeanThroughput': 16.414628971962617}}",{'EARFCN': '700'},,GHz)
1658163685.0,Driving,"{('5G', '14406944', '409'): {'MeanLatency': nan, 'MeanThroughput': 64.03696721311475}, ('LTE', '14406944', '409'): {'MeanLatency': nan, 'MeanThroughput': nan}, ('5G', '14536224', '114'): {'MeanLatency': 22.80909090909091, 'MeanThroughput': 98.48981190476191}, ('LTE', '14536224', '114'): {'MeanLatency': nan, 'MeanThroughput': nan}}",{'EARFCN': '66536'},MA,5G(mmWave)
1658086312.0,Walking,"{('LTE', '14397718', '127'): {'MeanLatency': 34.90909090909091, 'MeanThroughput': 12.557933870967746}}",{'EARFCN': '66536'},MA,GHz)
1670534630.0,Static,"{('LTE', '11037196', '208'): {'MeanLatency': nan, 'MeanThroughput': nan}, ('LTE', '9223372036854775807', '364'): {'MeanLatency': nan, 'MeanThroughput': nan}, ('LTE', '9223372036854775807', '432'): {'MeanLatency': 87.86363636363636, 'MeanThroughput': 1.2431607407407408}}","{'EARFCN': '875', 'ARFCN': '529998'}",MA,Unknown
1667751924.0,Static,"{('5G', '5388083502', '560'): {'MeanLatency': 35.145454545454555, 'MeanThroughput': 25.439379130434776}}",{'ARFCN': '529998'},MA,None
1667232947.0,Walking,"{('5G', '5389836591', '341'): {'MeanLatency': 57.11818181818182, 'MeanThroughput': 23.38803652173914}}",{'ARFCN': '529998'},MA,Unknown
1662424382.0,Static,"{('LTE', '16940042', '152'): {'MeanLatency': 44.654545454545456, 'MeanThroughput': 8.857034482758623}}",{'EARFCN': '700'},MA,GHz)
1659756889.0,Static,"{('5G', '11009032', '12'): {'MeanLatency': 44.03636363636363, 'MeanThroughput': 9.032879831932773}, ('LTE', '11009032', '12'): {'MeanLatency': nan, 'MeanThroughput': nan}}",{'EARFCN': '875'},MA,GHz)
1657735054.0,Static,"{('LTE', '11614210', '224'): {'MeanLatency': 71.10909090909091, 'MeanThroughput': 7.634366666666668}}",{'EARFCN': '66736'},MA,LTE-CA
1689211776.0,Walking,"{('5G', '0', '285'): {'MeanLatency': nan, 'MeanThroughput': nan}, ('5G', '23200257', '30'): {'MeanLatency': 168.49090909090907, 'MeanThroughput': 5.660701769911504}}","{'ARFCN': '125570', 'EARFCN': '66786'}",CA,Unknown
1658109662.0,Static,"{('LTE', '14397720', '127'): {'MeanLatency': nan, 'MeanThroughput': 3.6706899999999996}, ('LTE', '14397718', '127'): {'MeanLatency': 34.07272727272727, 'MeanThroughput': 8.949087068965518}}",{'EARFCN': '66536'},MA,GHz)
1657324151.0,Static,"{('5G', '16940042', '194'): {'MeanLatency': 77.80909090909091, 'MeanThroughput': 9.710699130434785}, ('LTE', '16940042', '194'): {'MeanLatency': nan, 'MeanThroughput': nan}}",{'EARFCN': '700'},MA,GHz)
1657925202.0,Walking,"{('LTE', '14536214', '115'): {'MeanLatency': 42.75, 'MeanThroughput': 29.99544230769231}, ('LTE', '14374442', '41'): {'MeanLatency': 39.18888888888889, 'MeanThroughput': nan}}",{'EARFCN': '66536'},MA,GHz)
1657567320.0,Walking,"{('5G', '17059267', '335'): {'MeanLatency': nan, 'MeanThroughput': nan}, ('LTE', '17059267', '335'): {'MeanLatency': nan, 'MeanThroughput': 1.0883292452830189}, ('LTE', '16925194', '389'): {'MeanLatency': nan, 'MeanThroughput': 0.6006625}, ('LTE', '16899080', '201'): {'MeanLatency': nan, 'MeanThroughput': 0.0}, ('5G', '16899080', '201'): {'MeanLatency': nan, 'MeanThroughput': 1.6131576923076922}, ('5G', '16925194', '389'): {'MeanLatency': 58.65454545454545, 'MeanThroughput': nan}}",{'EARFCN': '700'},MA,GHz)
1658597554.0,Driving,"{('LTE', '15643664', '154'): {'MeanLatency': 42.82727272727273, 'MeanThroughput': 0.7724062015503875}}",{'EARFCN': '5110'},MA,GHz)
1665004586.0,Walking,"{('5G', '21078793', '284'): {'MeanLatency': 80.81818181818181, 'MeanThroughput': 7.195537241379311}, ('LTE', '21078793', '284'): {'MeanLatency': nan, 'MeanThroughput': nan}}",{'EARFCN': '1000'},CA,GHz)
1658597557.0,Driving,"{('LTE', '14661669', '219'): {'MeanLatency': nan, 'MeanThroughput': nan}, ('LTE', '14637073', '196'): {'MeanLatency': nan, 'MeanThroughput': 0.3692598591549296}, ('LTE', '14649105', '63'): {'MeanLatency': 39.836363636363636, 'MeanThroughput': nan}}",{'EARFCN': '2560'},MA,LTE-CA
1658795061.0,Walking,"{('LTE', '14374442', '41'): {'MeanLatency': 34.54944134078212, 'MeanThroughput': nan}, ('LTE', '14351126', '218'): {'MeanLatency': 34.77454545454546, 'MeanThroughput': nan}, ('LTE', '14536214', '115'): {'MeanLatency': 38.082105263157914, 'MeanThroughput': nan}, ('5G', '14536214', '115'): {'MeanLatency': 46.58096103896107, 'MeanThroughput': nan}, ('5G', '14351116', '216'): {'MeanLatency': 25.590656716417914, 'MeanThroughput': nan}, ('LTE', '14351116', '216'): {'MeanLatency': 35.927198697068434, 'MeanThroughput': nan}, ('5G', '14374442', '41'): {'MeanLatency': 79.92708333333334, 'MeanThroughput': nan}}",{'EARFCN': '66536'},MA,5G(mmWave)
1667232919.0,Walking,"{('5G', '5389836591', '341'): {'MeanLatency': 47.52727272727273, 'MeanThroughput': 20.281725438596496}}",{'ARFCN': '529998'},MA,Unknown
1674511018.0,Static,"{('5G', '9223372036854775807', '247'): {'MeanLatency': 285.90000000000003, 'MeanThroughput': 0.18077068965517243}, ('LTE', '9223372036854775807', '247'): {'MeanLatency': nan, 'MeanThroughput': nan}}",{'ARFCN': '125900'},MA,GHz)
1658156494.0,Static,"{('LTE', '14397720', '127'): {'MeanLatency': 35.54545454545455, 'MeanThroughput': 8.147184615384615}}",{'EARFCN': '1025'},MA,None
1665790627.0,Static,"{('LTE', '49041037', '389'): {'MeanLatency': 59.52727272727273, 'MeanThroughput': 1.903230136986301}}",{'EARFCN': '41292'},CA,LTE-CA
1664921558.0,Walking,"{('LTE', '11009032', '12'): {'MeanLatency': nan, 'MeanThroughput': 4.766009090909091}, ('LTE', '9223372036854775807', '560'): {'MeanLatency': 48.25454545454545, 'MeanThroughput': 10.076222608695652}}","{'EARFCN': '875', 'ARFCN': '529998'}",MA,Unknown
1668188783.0,Walking,"{('5G', '9223372036854775807', '341'): {'MeanLatency': 36.58181818181818, 'MeanThroughput': 61.925698113207545}}",{'ARFCN': '529998'},MA,Unknown
1658082053.0,Walking,"{('5G', '14508310', '400'): {'MeanLatency': nan, 'MeanThroughput': 37.74971333333333}, ('LTE', '14508310', '400'): {'MeanLatency': nan, 'MeanThroughput': nan}, ('5G', '14397708', '126'): {'MeanLatency': nan, 'MeanThroughput': 28.45887142857143}, ('LTE', '14397708', '126'): {'MeanLatency': 37.36363636363637, 'MeanThroughput': 33.95497976190475}}",{'EARFCN': '66536'},MA,GHz)
1658163836.0,Walking,"{('5G', '14351128', '218'): {'MeanLatency': 54.74545454545454, 'MeanThroughput': 32.04210092592594}, ('LTE', '14351128', '218'): {'MeanLatency': nan, 'MeanThroughput': nan}}",{'EARFCN': '1025'},MA,5G(mmWave)
1657325454.0,Static,"{('LTE', '16940042', '194'): {'MeanLatency': 40.03636363636363, 'MeanThroughput': 7.659697391304348}}",{'EARFCN': '700'},MA,GHz)
1658086372.0,Static,"{('LTE', '14397720', '127'): {'MeanLatency': nan, 'MeanThroughput': 5.550676470588234}, ('LTE', '14397718', '127'): {'MeanLatency': 32.690909090909095, 'MeanThroughput': 16.123365591397835}}",{'EARFCN': '66536'},MA,GHz)
1667665547.0,Walking,"{('5G', '9223372036854775807', '545'): {'MeanLatency': 67.05454545454546, 'MeanThroughput': 15.01795762711864}, ('LTE', '9223372036854775807', '545'): {'MeanLatency': nan, 'MeanThroughput': nan}}",{'ARFCN': '2073333'},MA,Unknown
1658590519.0,Driving,"{('LTE', '15640842', '45'): {'MeanLatency': 44.8909090909091, 'MeanThroughput': 1.1815316901408452}}",{'EARFCN': '700'},,GHz)
1668188712.0,Walking,"{('5G', '9223372036854775807', '560'): {'MeanLatency': 44.054545454545455, 'MeanThroughput': 43.924354368932036}}",{'ARFCN': '529998'},MA,Unknown
1658441956.0,Static,"{('LTE', '14351128', '218'): {'MeanLatency': 39.11818181818182, 'MeanThroughput': 3.2100625850340148}}",{'EARFCN': '1025'},MA,LTE-CA
1667594268.0,Walking,"{('5G', '21078793', '284'): {'MeanLatency': 102.14, 'MeanThroughput': 28.250784297520667}, ('LTE', '21078793', '284'): {'MeanLatency': nan, 'MeanThroughput': nan}}",{'EARFCN': '1000'},CA,GHz)
1657567518.0,Walking,"{('5G', '17059267', '335'): {'MeanLatency': nan, 'MeanThroughput': 21.719042857142856}, ('LTE', '17059267', '335'): {'MeanLatency': nan, 'MeanThroughput': nan}, ('LTE', '17060035', '103'): {'MeanLatency': nan, 'MeanThroughput': 22.136788888888887}, ('5G', '17060035', '103'): {'MeanLatency': 43.28181818181818, 'MeanThroughput': 53.00018695652175}}",{'EARFCN': '700'},MA,GHz)
1658081844.0,Walking,"{('5G', '14508310', '400'): {'MeanLatency': 65.83636363636363, 'MeanThroughput': 14.201407086614177}, ('LTE', '14508310', '400'): {'MeanLatency': nan, 'MeanThroughput': nan}}",{'EARFCN': '66536'},MA,5G(mmWave)
1658089071.0,Walking,"{('LTE', '14397708', '126'): {'MeanLatency': nan, 'MeanThroughput': 8.579481818181819}, ('LTE', '14397718', '127'): {'MeanLatency': 29.681818181818183, 'MeanThroughput': 14.91757976190476}}",{'EARFCN': '66536'},MA,GHz)
1665883050.0,Static,"{('5G', '9223372036854775807', '647'): {'MeanLatency': 86.24166666666666, 'MeanThroughput': 5.867034920634922}}",{'ARFCN': '125900'},MA,5G(mmWave)
1681503309.0,Walking,"{('5G', '7593025837', '807'): {'MeanLatency': 65.0909090909091, 'MeanThroughput': 28.926464655172417}}",{'ARFCN': '501390'},CA,Unknown
1668188688.0,Walking,"{('5G', '9223372036854775807', '560'): {'MeanLatency': nan, 'MeanThroughput': 14.437278260869567}, ('5G', '9223372036854775807', '371'): {'MeanLatency': 67.65454545454546, 'MeanThroughput': 14.385946153846154}}",{'ARFCN': '529998'},MA,Unknown
1667574139.0,Walking,"{('5G', '5481136429', '371'): {'MeanLatency': nan, 'MeanThroughput': 23.96734642857143}, ('5G', '5388083502', '560'): {'MeanLatency': 55.972727272727276, 'MeanThroughput': 16.336537681159427}}",{'ARFCN': '529998'},MA,Unknown
1657330498.0,Static,"{('LTE', '14374442', '41'): {'MeanLatency': nan, 'MeanThroughput': nan}, ('LTE', '14374412', '283'): {'MeanLatency': nan, 'MeanThroughput': 7.8642812499999994}, ('5G', '14374412', '283'): {'MeanLatency': 27.845454545454547, 'MeanThroughput': 38.63242315789474}}",{'EARFCN': '66536'},MA,5G(mmWave)
1667615636.0,Walking,"{('5G', '9223372036854775807', '145'): {'MeanLatency': nan, 'MeanThroughput': 13.634759999999998}, ('LTE', '9223372036854775807', '145'): {'MeanLatency': nan, 'MeanThroughput': 8.126055}, ('LTE', '14372867', '85'): {'MeanLatency': nan, 'MeanThroughput': 19.662516666666665}, ('5G', '14372867', '85'): {'MeanLatency': 39.090909090909086, 'MeanThroughput': 2.546594285714286}}","{'ARFCN': '2073333', 'EARFCN': '5230'}",MA,LTE-CA
1667574189.0,Walking,"{('5G', '5388083502', '560'): {'MeanLatency': 48.29999999999998, 'MeanThroughput': 5.928904672897198}}",{'ARFCN': '529998'},MA,Unknown
1664921472.0,Walking,"{('LTE', '11614216', '476'): {'MeanLatency': nan, 'MeanThroughput': nan}, ('LTE', '9223372036854775807', '560'): {'MeanLatency': nan, 'MeanThroughput': nan}, ('5G', '9223372036854775807', '560'): {'MeanLatency': 48.800000000000004, 'MeanThroughput': 4.125468852459017}}","{'EARFCN': '875', 'ARFCN': '529998'}",MA,Unknown
1682030936.0,Walking,"{('5G', '7614583087', '35'): {'MeanLatency': nan, 'MeanThroughput': 8.676715625}, ('5G', '7681806358', '613'): {'MeanLatency': nan, 'MeanThroughput': nan}, ('5G', '7593025837', '807'): {'MeanLatency': 260.41818181818184, 'MeanThroughput': 17.99254886363636}}",{'ARFCN': '501390'},CA,Unknown
1658093996.0,Static,"{('LTE', '14397723', '127'): {'MeanLatency': nan, 'MeanThroughput': 5.240724999999999}, ('LTE', '14397718', '127'): {'MeanLatency': 34.28181818181818, 'MeanThroughput': 12.099267307692305}}",{'EARFCN': '66536'},MA,GHz)
1658590584.0,Driving,"{('LTE', '15640842', '45'): {'MeanLatency': 37.06363636363636, 'MeanThroughput': 20.518201923076926}}",{'EARFCN': '700'},,GHz)
1658795949.0,Static,"{('LTE', '14374432', '284'): {'MeanLatency': 31.91172161172161, 'MeanThroughput': nan}, ('LTE', '14374422', '282'): {'MeanLatency': 35.76, 'MeanThroughput': nan}, ('LTE', '14374442', '41'): {'MeanLatency': 32.64344163658242, 'MeanThroughput': nan}, ('LTE', '14536214', '115'): {'MeanLatency': 40.47219730941703, 'MeanThroughput': nan}, ('5G', '14536214', '115'): {'MeanLatency': 30.55119834710742, 'MeanThroughput': nan}, ('LTE', '14351126', '218'): {'MeanLatency': 34.600591715976336, 'MeanThroughput': nan}}",{'EARFCN': '66536'},MA,5G(mmWave)
1664233139.0,Walking,"{('5G', '21078793', '284'): {'MeanLatency': 76.53636363636363, 'MeanThroughput': 10.59430689655172}, ('LTE', '21078793', '284'): {'MeanLatency': nan, 'MeanThroughput': nan}}",{'EARFCN': '1000'},CA,Unknown
1668188727.0,Walking,"{('5G', '9223372036854775807', '560'): {'MeanLatency': 40.56363636363637, 'MeanThroughput': 43.826808737864084}}",{'ARFCN': '529998'},MA,Unknown
1662578880.0,Static,"{('LTE', '16940042', '152'): {'MeanLatency': 43.33636363636364, 'MeanThroughput': 7.744222018348625}}",{'EARFCN': '700'},MA,GHz)
1667574170.0,Walking,"{('5G', '5388083502', '560'): {'MeanLatency': 60.74545454545455, 'MeanThroughput': 5.75266597222222}}",{'ARFCN': '529998'},MA,Unknown
1657325974.0,Static,"{('LTE', '16940042', '194'): {'MeanLatency': 42.42727272727272, 'MeanThroughput': 6.15465913043478}}",{'EARFCN': '700'},MA,GHz)
1667232996.0,Walking,"{('5G', '5459484975', '533'): {'MeanLatency': 49.54545454545455, 'MeanThroughput': 40.66768558558559}}",{'ARFCN': '529998'},MA,Unknown
1658592060.0,Driving,"{('LTE', '12141570', '67'): {'MeanLatency': 63.36363636363637, 'MeanThroughput': 12.62185740740741}}",{'EARFCN': '66736'},MA,LTE-CA
1663815639.0,Static,"{('5G', '21095431', '200'): {'MeanLatency': 61.01818181818181, 'MeanThroughput': 12.439752413793103}, ('LTE', '21095431', '200'): {'MeanLatency': nan, 'MeanThroughput': nan}}",{'EARFCN': '1000'},CA,Unknown
1658163798.0,Walking,"{('5G', '14351128', '218'): {'MeanLatency': 322.71818181818185, 'MeanThroughput': 38.849569090909085}, ('LTE', '14351128', '218'): {'MeanLatency': nan, 'MeanThroughput': nan}}",{'EARFCN': '1025'},MA,5G(mmWave)
1658591963.0,Driving,"{('LTE', '16116745', '79'): {'MeanLatency': 60.9625, 'MeanThroughput': 0.6869744827586205}, ('LTE', '15644682', '183'): {'MeanLatency': 41.733333333333334, 'MeanThroughput': nan}}",{'EARFCN': '700'},MA,GHz)
1668529354.0,Walking,"{('5G', '5459484975', '533'): {'MeanLatency': 41.090909090909086, 'MeanThroughput': 36.15004561403508}}",{'ARFCN': '529998'},MA,Unknown
1658167335.0,Static,"{('5G', '11037196', '208'): {'MeanLatency': 107.27272727272727, 'MeanThroughput': 0.0}, ('LTE', '11037196', '208'): {'MeanLatency': nan, 'MeanThroughput': nan}}",{'EARFCN': '875'},MA,GHz)
1676582865.0,Walking,"{('5G', '7593025837', '807'): {'MeanLatency': 90.35454545454544, 'MeanThroughput': 11.777194776119403}}",{'ARFCN': '501390'},CA,None
1663986780.0,Static,"{('5G', '21416455', '378'): {'MeanLatency': 64.66363636363637, 'MeanThroughput': 17.358873109243703}, ('LTE', '21416455', '378'): {'MeanLatency': nan, 'MeanThroughput': nan}}",{'EARFCN': '1000'},CA,Unknown
1658091242.0,Static,"{('LTE', '14397710', '126'): {'MeanLatency': nan, 'MeanThroughput': 4.93484705882353}, ('LTE', '14397708', '126'): {'MeanLatency': 33.71818181818182, 'MeanThroughput': 10.648381443298968}}",{'EARFCN': '66536'},MA,GHz)
1657925001.0,Walking,"{('LTE', '14374442', '41'): {'MeanLatency': 32.43636363636364, 'MeanThroughput': 45.926099999999984}}",{'EARFCN': '66536'},MA,GHz)
1663887439.0,Walking,"{('5G', '21078793', '284'): {'MeanLatency': 72.19090909090909, 'MeanThroughput': 20.608519230769236}, ('LTE', '21078793', '284'): {'MeanLatency': nan, 'MeanThroughput': nan}}",{'EARFCN': '1000'},CA,Unknown
1667665437.0,Walking,"{('5G', '9223372036854775807', '545'): {'MeanLatency': 18.245454545454546, 'MeanThroughput': 26.000090983606544}, ('LTE', '9223372036854775807', '545'): {'MeanLatency': nan, 'MeanThroughput': nan}}",{'ARFCN': '2073333'},MA,Unknown
1662408453.0,Static,"{('LTE', '16940042', '152'): {'MeanLatency': 42.92727272727273, 'MeanThroughput': 0.9336602739726028}}",{'EARFCN': '700'},MA,GHz)
1658163669.0,Driving,"{('LTE', '14406944', '409'): {'MeanLatency': nan, 'MeanThroughput': 53.538766666666675}, ('5G', '14406944', '409'): {'MeanLatency': 19.045454545454547, 'MeanThroughput': 78.0371115942029}}",{'EARFCN': '66536'},MA,5G(mmWave)
1667665654.0,Walking,"{('5G', '9223372036854775807', '145'): {'MeanLatency': 18.209090909090907, 'MeanThroughput': 245.90635392156872}, ('LTE', '9223372036854775807', '145'): {'MeanLatency': nan, 'MeanThroughput': nan}}",{'ARFCN': '2073333'},MA,Unknown
1663887388.0,Walking,"{('5G', '21078793', '284'): {'MeanLatency': 145.39999999999998, 'MeanThroughput': 12.524393055555551}, ('LTE', '21078793', '284'): {'MeanLatency': nan, 'MeanThroughput': nan}}",{'EARFCN': '1000'},CA,Unknown
1658597531.0,Driving,"{('LTE', '15643665', '359'): {'MeanLatency': nan, 'MeanThroughput': 1.2814777777777777}, ('LTE', '15643664', '154'): {'MeanLatency': 48.54545454545455, 'MeanThroughput': 1.1651044444444445}}",{'EARFCN': '5110'},MA,GHz)
1658710180.0,Driving,"{('LTE', '14625794', '287'): {'MeanLatency': 54.781818181818174, 'MeanThroughput': 3.695922950819671}}",{'EARFCN': '5230'},MA,LTE-CA
1684185981.0,Walking,"{('5G', '7593025837', '807'): {'MeanLatency': 68.52727272727273, 'MeanThroughput': 24.79970317460318}}",{'ARFCN': '501390'},CA,Unknown
1658086218.0,Static,"{('LTE', '14397720', '127'): {'MeanLatency': nan, 'MeanThroughput': 1.4298272727272725}, ('LTE', '14397718', '127'): {'MeanLatency': 33.48181818181818, 'MeanThroughput': 12.918556701030933}}",{'EARFCN': '66536'},MA,GHz)
1657326981.0,Static,"{('LTE', '11009033', '13'): {'MeanLatency': 64.44545454545455, 'MeanThroughput': 0.1109321579689704}}",{'EARFCN': '875'},MA,LTE-CA
1657735034.0,Static,"{('LTE', '11614210', '224'): {'MeanLatency': 67.55454545454546, 'MeanThroughput': 11.328760714285707}}",{'EARFCN': '66736'},MA,LTE-CA
1658362116.0,Static,"{('LTE', '33908029', '111'): {'MeanLatency': 56.86363636363637, 'MeanThroughput': 5.413364227642275}}",{'EARFCN': '68786'},MA,LTE-CA
1684171810.0,Walking,"{('5G', '7677436207', '29'): {'MeanLatency': nan, 'MeanThroughput': nan}, ('5G', '7593025837', '807'): {'MeanLatency': nan, 'MeanThroughput': 9.098130392156863}, ('5G', '7614583087', '35'): {'MeanLatency': 60.900000000000006, 'MeanThroughput': 12.418457894736841}}",{'ARFCN': '501390'},CA,Unknown
1658590761.0,Driving,"{('LTE', '10458114', '156'): {'MeanLatency': 58.71818181818182, 'MeanThroughput': 23.00798932038835}}",{'EARFCN': '66736'},MA,LTE-CA
1684786778.0,Walking,"{('LTE', '46082957', '155'): {'MeanLatency': 63.39090909090908, 'MeanThroughput': 1.7712779310344824}}",{'EARFCN': '41292'},CA,GHz)
1657567480.0,Walking,"{('LTE', '14374442', '41'): {'MeanLatency': nan, 'MeanThroughput': 41.99239528301886}, ('LTE', '14536214', '115'): {'MeanLatency': 47.627272727272725, 'MeanThroughput': 12.233466666666667}}",{'EARFCN': '66536'},MA,LTE-CA
1685665881.0,Walking,"{('5G', '7593025837', '807'): {'MeanLatency': 58.24545454545454, 'MeanThroughput': 12.044312500000006}}",{'ARFCN': '501390'},CA,Unknown
1658590820.0,Driving,"{('LTE', '32207105', '299'): {'MeanLatency': nan, 'MeanThroughput': 5.3365785714285705}, ('LTE', '32207107', '298'): {'MeanLatency': 62.47272727272727, 'MeanThroughput': 21.954970833333334}}",{'EARFCN': '66736'},MA,LTE-CA
1658110011.0,Walking,"{('LTE', '14397708', '126'): {'MeanLatency': 37.23636363636364, 'MeanThroughput': 49.629250485436906}}",{'EARFCN': '66536'},MA,GHz)
1658092542.0,Walking,"{('5G', '14397708', '126'): {'MeanLatency': nan, 'MeanThroughput': nan}, ('LTE', '14397708', '126'): {'MeanLatency': 35.16363636363636, 'MeanThroughput': 37.29407641509433}}",{'EARFCN': '66536'},MA,GHz)
1658591952.0,Driving,"{('LTE', '14605592', '256'): {'MeanLatency': nan, 'MeanThroughput': 8.598}, ('LTE', '14599170', '184'): {'MeanLatency': 34.30909090909091, 'MeanThroughput': 10.032904938271605}}",{'EARFCN': '5230'},MA,None
1657732641.0,Static,"{('LTE', '10429443', '54'): {'MeanLatency': 59.463636363636354, 'MeanThroughput': 4.427328888888889}}",{'EARFCN': '66736'},MA,LTE-CA
1658267719.0,Static,"{('LTE', '11037186', '133'): {'MeanLatency': 75.65454545454547, 'MeanThroughput': 3.5209175182481753}}",{'EARFCN': '66736'},MA,LTE-CA
1658081717.0,Walking,"{('5G', '14397708', '126'): {'MeanLatency': nan, 'MeanThroughput': 58.91417105263158}, ('LTE', '14397708', '126'): {'MeanLatency': 32.13636363636363, 'MeanThroughput': 23.82347647058823}}",{'EARFCN': '66536'},MA,GHz)
1658591879.0,Driving,"{('LTE', '9223372036854775807', '274'): {'MeanLatency': nan, 'MeanThroughput': nan}, ('5G', '9223372036854775807', '274'): {'MeanLatency': 46.845454545454544, 'MeanThroughput': 45.335219607843165}}",{'ARFCN': '174800'},MA,GHz)
1674510167.0,Walking,"{('5G', '21078793', '284'): {'MeanLatency': 92.37272727272729, 'MeanThroughput': 11.643551724137932}, ('LTE', '21078793', '284'): {'MeanLatency': nan, 'MeanThroughput': nan}}",{'EARFCN': '1000'},CA,GHz)
1657567479.0,Walking,"{('LTE', '17059267', '335'): {'MeanLatency': nan, 'MeanThroughput': 9.736128571428571}, ('5G', '17059267', '335'): {'MeanLatency': nan, 'MeanThroughput': 37.31688529411763}, ('LTE', '16925194', '389'): {'MeanLatency': nan, 'MeanThroughput': 25.047922222222226}, ('5G', '16925194', '389'): {'MeanLatency': 52.936363636363645, 'MeanThroughput': 34.07878636363636}}",{'EARFCN': '700'},MA,GHz)
1657567276.0,Walking,"{('5G', '17060035', '103'): {'MeanLatency': nan, 'MeanThroughput': 43.39426551724139}, ('LTE', '17060035', '103'): {'MeanLatency': nan, 'MeanThroughput': nan}, ('LTE', '17059267', '335'): {'MeanLatency': nan, 'MeanThroughput': 34.95284666666667}, ('5G', '17059267', '335'): {'MeanLatency': 53.76363636363636, 'MeanThroughput': 45.219612500000004}}",{'EARFCN': '700'},MA,GHz)
1664981401.0,Static,"{('LTE', '9223372036854775807', '560'): {'MeanLatency': nan, 'MeanThroughput': nan}, ('5G', '9223372036854775807', '560'): {'MeanLatency': 47.57272727272727, 'MeanThroughput': 4.12557049180328}}",{'ARFCN': '529998'},MA,Advanced
1657735286.0,Static,"{('LTE', '11614210', '224'): {'MeanLatency': 61.21818181818182, 'MeanThroughput': 6.384616521739131}}",{'EARFCN': '66736'},MA,LTE-CA
1658710144.0,Driving,"{('LTE', '14625795', '285'): {'MeanLatency': nan, 'MeanThroughput': 20.972228571428577}, ('LTE', '14625793', '286'): {'MeanLatency': nan, 'MeanThroughput': 25.9195775280899}, ('LTE', '14625794', '287'): {'MeanLatency': 46.97272727272727, 'MeanThroughput': 20.9723}}",{'EARFCN': '5230'},MA,LTE-CA
1657325649.0,Static,"{('LTE', '16940042', '194'): {'MeanLatency': 38.900000000000006, 'MeanThroughput': 5.392381308411216}}",{'EARFCN': '700'},MA,GHz)
1658154788.0,Walking,"{('LTE', '14397713', '126'): {'MeanLatency': 32.154545454545456, 'MeanThroughput': 22.306101818181812}}",{'EARFCN': '2560'},MA,None
1664844648.0,Walking,"{('5G', '21078793', '284'): {'MeanLatency': 73.52727272727272, 'MeanThroughput': 10.269008275862067}, ('LTE', '21078793', '284'): {'MeanLatency': nan, 'MeanThroughput': nan}}",{'EARFCN': '1000'},CA,GHz)
1657323303.0,Static,"{('LTE', '34497537', '384'): {'MeanLatency': 71.14545454545454, 'MeanThroughput': 0.10927210682492579}}",{'EARFCN': '66736'},MA,LTE-CA
1670970434.0,Static,"{('5G', '21078793', '284'): {'MeanLatency': 85.33636363636364, 'MeanThroughput': 4.739659200000001}, ('LTE', '21078793', '284'): {'MeanLatency': nan, 'MeanThroughput': nan}}",{'EARFCN': '1000'},CA,Unknown
1658528593.0,Static,"{('5G', '22403591', '92'): {'MeanLatency': 65.5909090909091, 'MeanThroughput': 50.93043303571428}, ('LTE', '22403591', '92'): {'MeanLatency': nan, 'MeanThroughput': nan}}",{'EARFCN': '875'},CA,GHz)
1670532132.0,Static,"{('5G', '9223372036854775807', '247'): {'MeanLatency': 121.64545454545454, 'MeanThroughput': 0.0}, ('LTE', '9223372036854775807', '247'): {'MeanLatency': nan, 'MeanThroughput': nan}}",{'ARFCN': '125900'},MA,GHz)
1662406787.0,Static,"{('5G', '9223372036854775807', '560'): {'MeanLatency': 47.936363636363645, 'MeanThroughput': 5.679794444444446}}",{'ARFCN': '529998'},MA,Unknown
1658103387.0,Static,"{('LTE', '14397720', '127'): {'MeanLatency': nan, 'MeanThroughput': 2.3833}, ('LTE', '14397718', '127'): {'MeanLatency': 37.68181818181819, 'MeanThroughput': 9.399527927927931}}",{'EARFCN': '66536'},MA,GHz)
1657925141.0,Walking,"{('5G', '14374442', '41'): {'MeanLatency': 78.85454545454546, 'MeanThroughput': 37.711860550458724}, ('LTE', '14374442', '41'): {'MeanLatency': nan, 'MeanThroughput': nan}}",{'EARFCN': '66536'},MA,5G(mmWave)
1658590492.0,Driving,"{('LTE', '14623766', '179'): {'MeanLatency': 41.75454545454546, 'MeanThroughput': 5.72364083333333}}",{'EARFCN': '66536'},MA,GHz)
1658591926.0,Driving,"{('5G', '9223372036854775807', '274'): {'MeanLatency': 42.12727272727273, 'MeanThroughput': 4.49975748031496}, ('LTE', '9223372036854775807', '274'): {'MeanLatency': nan, 'MeanThroughput': nan}}",{'ARFCN': '174800'},MA,GHz)
1657567555.0,Walking,"{('LTE', '14536214', '115'): {'MeanLatency': nan, 'MeanThroughput': 43.80333225806451}, ('5G', '14536214', '115'): {'MeanLatency': 21.499999999999996, 'MeanThroughput': 148.72980422535213}}",{'EARFCN': '66536'},MA,5G(mmWave)
1658163704.0,Driving,"{('5G', '14351116', '216'): {'MeanLatency': 12.11909090909091, 'MeanThroughput': 70.7562203883495}, ('LTE', '14351116', '216'): {'MeanLatency': nan, 'MeanThroughput': nan}}",{'EARFCN': '66536'},MA,5G(mmWave)
1658081930.0,Walking,"{('LTE', '14511372', '489'): {'MeanLatency': nan, 'MeanThroughput': 16.023394444444442}, ('LTE', '14508310', '400'): {'MeanLatency': 33.418181818181814, 'MeanThroughput': 21.52372210526316}}",{'EARFCN': '66536'},MA,GHz)
1676834450.0,Walking,"{('5G', '7580885295', '335'): {'MeanLatency': 63.56363636363637, 'MeanThroughput': 27.461422950819667}}",{'ARFCN': '520110'},CA,Unknown
1664773570.0,Static,"{('5G', '61698307', '455'): {'MeanLatency': 80.32, 'MeanThroughput': 61.456872222222216}, ('LTE', '61698307', '455'): {'MeanLatency': nan, 'MeanThroughput': nan}}",{'EARFCN': '66786'},CA,Unknown
1668119901.0,Walking,"{('5G', '21078793', '284'): {'MeanLatency': 72.72727272727273, 'MeanThroughput': 16.38884195804195}, ('LTE', '21078793', '284'): {'MeanLatency': nan, 'MeanThroughput': nan}}",{'EARFCN': '1000'},CA,Unknown
1682446205.0,Walking,"{('5G', '21078787', '284'): {'MeanLatency': 71.65454545454544, 'MeanThroughput': 55.075215238095225}, ('LTE', '21078787', '284'): {'MeanLatency': nan, 'MeanThroughput': nan}}",{'EARFCN': '66786'},CA,Unknown
1662424490.0,Static,"{('5G', '16940042', '152'): {'MeanLatency': 53.06666666666666, 'MeanThroughput': 18.756915517241385}, ('LTE', '16940042', '152'): {'MeanLatency': nan, 'MeanThroughput': nan}}",{'EARFCN': '700'},MA,GHz)
1658590794.0,Driving,"{('LTE', '32207105', '299'): {'MeanLatency': 61.24545454545455, 'MeanThroughput': 23.33751862745098}}",{'EARFCN': '66736'},MA,LTE-CA
1664233066.0,Walking,"{('5G', '21078793', '284'): {'MeanLatency': 104.46363636363638, 'MeanThroughput': 0.45927372262773725}, ('LTE', '21078793', '284'): {'MeanLatency': nan, 'MeanThroughput': nan}}",{'EARFCN': '1000'},CA,Unknown
1657925220.0,Walking,"{('LTE', '14374442', '41'): {'MeanLatency': 37.809090909090905, 'MeanThroughput': 37.608258653846164}}",{'EARFCN': '66536'},MA,GHz)
1662411807.0,Static,"{('5G', '9223372036854775807', '560'): {'MeanLatency': 40.28181818181818, 'MeanThroughput': 8.337240163934428}}",{'ARFCN': '529998'},MA,Unknown
1664923793.0,Static,"{('LTE', '9223372036854775807', '560'): {'MeanLatency': nan, 'MeanThroughput': nan}, ('5G', '9223372036854775807', '560'): {'MeanLatency': 49.28181818181818, 'MeanThroughput': 7.069119642857144}}",{'ARFCN': '529998'},,Unknown
1658088562.0,Static,"{('LTE', '14397708', '126'): {'MeanLatency': 39.4, 'MeanThroughput': 13.554982113821142}}",{'EARFCN': '66536'},MA,GHz)
1682365944.0,Static,"{('5G', '7614583087', '35'): {'MeanLatency': 57.21818181818182, 'MeanThroughput': 21.698864227642265}}",{'ARFCN': '501390'},CA,Unknown
1659639717.0,Static,"{('LTE', '9223372036854775807', '247'): {'MeanLatency': 78.23636363636363, 'MeanThroughput': 1.8802289655172408}}",{'ARFCN': '125400'},,GHz)
1658089919.0,Walking,"{('LTE', '14397710', '126'): {'MeanLatency': nan, 'MeanThroughput': 4.0329538461538466}, ('LTE', '14397708', '126'): {'MeanLatency': 34.52727272727273, 'MeanThroughput': 13.375021428571428}}",{'EARFCN': '66536'},MA,GHz)
1657926063.0,Walking,"{('LTE', '14351118', '216'): {'MeanLatency': nan, 'MeanThroughput': 45.70945641025641}, ('5G', '14351118', '216'): {'MeanLatency': 28.872727272727275, 'MeanThroughput': 114.7731640625}}",{'EARFCN': '1025'},MA,5G(mmWave)
1665878781.0,Driving,"{('5G', '9223372036854775807', '548'): {'MeanLatency': nan, 'MeanThroughput': nan}, ('LTE', '9223372036854775807', '548'): {'MeanLatency': nan, 'MeanThroughput': nan}, ('LTE', '12519742', '478'): {'MeanLatency': 99.62727272727271, 'MeanThroughput': 0.8737729166666666}}","{'ARFCN': '528696', 'EARFCN': '68786'}",MA,None
1658590550.0,Driving,"{('LTE', '14599948', '314'): {'MeanLatency': 31.727272727272727, 'MeanThroughput': 24.097282692307697}}",{'EARFCN': '66536'},MA,GHz)
1657671835.0,Static,"{('LTE', '34497537', '384'): {'MeanLatency': 63.26363636363637, 'MeanThroughput': 5.924035185185185}}",{'EARFCN': '66736'},MA,LTE-CA
1673738870.0,Static,"{('5G', '21102601', '188'): {'MeanLatency': 52.127272727272725, 'MeanThroughput': 47.42650999999998}, ('LTE', '21102601', '188'): {'MeanLatency': nan, 'MeanThroughput': nan}}",{'EARFCN': '1000'},CA,GHz)
1657926397.0,Walking,"{('LTE', '14406949', '409'): {'MeanLatency': nan, 'MeanThroughput': 33.55561333333333}, ('LTE', '14536214', '115'): {'MeanLatency': nan, 'MeanThroughput': 156.7808238095238}, ('5G', '14536214', '115'): {'MeanLatency': 54.5, 'MeanThroughput': 161.28119701492537}, ('5G', '14374442', '41'): {'MeanLatency': 32.63333333333333, 'MeanThroughput': nan}}",{'EARFCN': '66536'},MA,5G(mmWave)
1667232877.0,Walking,"{('5G', '5388083502', '560'): {'MeanLatency': 54.900000000000006, 'MeanThroughput': 3.2267315384615394}}",{'ARFCN': '529998'},MA,Unknown
1658109916.0,Walking,"{('LTE', '14397708', '126'): {'MeanLatency': 38.53636363636363, 'MeanThroughput': 51.09311960784312}}",{'EARFCN': '66536'},MA,GHz)
